,Id,Pred,Season,team0,team1
0,2016_1112_1114,0.5,2016,1112,1114
1,2016_1112_1122,0.5,2016,1112,1122
2,2016_1112_1124,0.5,2016,1112,1124
3,2016_1112_1138,0.5,2016,1112,1138
4,2016_1112_1139,0.5,2016,1112,1139
5,2016_1112_1143,0.5,2016,1112,1143
6,2016_1112_1151,0.5,2016,1112,1151
7,2016_1112_1153,0.5,2016,1112,1153
8,2016_1112_1160,0.5,2016,1112,1160
9,2016_1112_1163,0.5,2016,1112,1163
10,2016_1112_1167,0.5,2016,1112,1167
11,2016_1112_1173,0.5,2016,1112,1173
12,2016_1112_1181,0.5,2016,1112,1181
13,2016_1112_1192,0.5,2016,1112,1192
14,2016_1112_1195,0.5,2016,1112,1195
15,2016_1112_1201,0.5,2016,1112,1201
16,2016_1112_1211,0.5,2016,1112,1211
17,2016_1112_1214,0.5,2016,1112,1214
18,2016_1112_1218,0.5,2016,1112,1218
19,2016_1112_1221,0.5,2016,1112,1221
20,2016_1112_1231,0.5,2016,1112,1231
21,2016_1112_1233,0.5,2016,1112,1233
22,2016_1112_1234,0.5,2016,1112,1234
23,2016_1112_1235,0.5,2016,1112,1235
24,2016_1112_1242,0.5,2016,1112,1242
25,2016_1112_1246,0.5,2016,1112,1246
26,2016_1112_1268,0.5,2016,1112,1268
27,2016_1112_1274,0.5,2016,1112,1274
28,2016_1112_1276,0.5,2016,1112,1276
29,2016_1112_1277,0.5,2016,1112,1277
30,2016_1112_1292,0.5,2016,1112,1292
31,2016_1112_1314,0.5,2016,1112,1314
32,2016_1112_1320,0.5,2016,1112,1320
33,2016_1112_1323,0.5,2016,1112,1323
34,2016_1112_1328,0.5,2016,1112,1328
35,2016_1112_1332,0.5,2016,1112,1332
36,2016_1112_1333,0.5,2016,1112,1333
37,2016_1112_1338,0.5,2016,1112,1338
38,2016_1112_1344,0.5,2016,1112,1344
39,2016_1112_1345,0.5,2016,1112,1345
40,2016_1112_1355,0.5,2016,1112,1355
41,2016_1112_1371,0.5,2016,1112,1371
42,2016_1112_1372,0.5,2016,1112,1372
43,2016_1112_1380,0.5,2016,1112,1380
44,2016_1112_1386,0.5,2016,1112,1386
45,2016_1112_1392,0.5,2016,1112,1392
46,2016_1112_1393,0.5,2016,1112,1393
47,2016_1112_1396,0.5,2016,1112,1396
48,2016_1112_1400,0.5,2016,1112,1400
49,2016_1112_1401,0.5,2016,1112,1401
50,2016_1112_1403,0.5,2016,1112,1403
51,2016_1112_1409,0.5,2016,1112,1409
52,2016_1112_1421,0.5,2016,1112,1421
53,2016_1112_1423,0.5,2016,1112,1423
54,2016_1112_1425,0.5,2016,1112,1425
55,2016_1112_1428,0.5,2016,1112,1428
56,2016_1112_1433,0.5,2016,1112,1433
57,2016_1112_1435,0.5,2016,1112,1435
58,2016_1112_1437,0.5,2016,1112,1437
59,2016_1112_1438,0.5,2016,1112,1438
60,2016_1112_1451,0.5,2016,1112,1451
61,2016_1112_1452,0.5,2016,1112,1452
62,2016_1112_1453,0.5,2016,1112,1453
63,2016_1112_1455,0.5,2016,1112,1455
64,2016_1112_1458,0.5,2016,1112,1458
65,2016_1112_1462,0.5,2016,1112,1462
66,2016_1112_1463,0.5,2016,1112,1463
67,2016_1114_1122,0.5,2016,1114,1122
68,2016_1114_1124,0.5,2016,1114,1124
69,2016_1114_1138,0.5,2016,1114,1138
70,2016_1114_1139,0.5,2016,1114,1139
71,2016_1114_1143,0.5,2016,1114,1143
72,2016_1114_1151,0.5,2016,1114,1151
73,2016_1114_1153,0.5,2016,1114,1153
74,2016_1114_1160,0.5,2016,1114,1160
75,2016_1114_1163,0.5,2016,1114,1163
76,2016_1114_1167,0.5,2016,1114,1167
77,2016_1114_1173,0.5,2016,1114,1173
78,2016_1114_1181,0.5,2016,1114,1181
79,2016_1114_1192,0.5,2016,1114,1192
80,2016_1114_1195,0.5,2016,1114,1195
81,2016_1114_1201,0.5,2016,1114,1201
82,2016_1114_1211,0.5,2016,1114,1211
83,2016_1114_1214,0.5,2016,1114,1214
84,2016_1114_1218,0.5,2016,1114,1218
85,2016_1114_1221,0.5,2016,1114,1221
86,2016_1114_1231,0.5,2016,1114,1231
87,2016_1114_1233,0.5,2016,1114,1233
88,2016_1114_1234,0.5,2016,1114,1234
89,2016_1114_1235,0.5,2016,1114,1235
90,2016_1114_1242,0.5,2016,1114,1242
91,2016_1114_1246,0.5,2016,1114,1246
92,2016_1114_1268,0.5,2016,1114,1268
93,2016_1114_1274,0.5,2016,1114,1274
94,2016_1114_1276,0.5,2016,1114,1276
95,2016_1114_1277,0.5,2016,1114,1277
96,2016_1114_1292,0.5,2016,1114,1292
97,2016_1114_1314,0.5,2016,1114,1314
98,2016_1114_1320,0.5,2016,1114,1320
99,2016_1114_1323,0.5,2016,1114,1323
100,2016_1114_1328,0.5,2016,1114,1328
101,2016_1114_1332,0.5,2016,1114,1332
102,2016_1114_1333,0.5,2016,1114,1333
103,2016_1114_1338,0.5,2016,1114,1338
104,2016_1114_1344,0.5,2016,1114,1344
105,2016_1114_1345,0.5,2016,1114,1345
106,2016_1114_1355,0.5,2016,1114,1355
107,2016_1114_1371,0.5,2016,1114,1371
108,2016_1114_1372,0.5,2016,1114,1372
109,2016_1114_1380,0.5,2016,1114,1380
110,2016_1114_1386,0.5,2016,1114,1386
111,2016_1114_1392,0.5,2016,1114,1392
112,2016_1114_1393,0.5,2016,1114,1393
113,2016_1114_1396,0.5,2016,1114,1396
114,2016_1114_1400,0.5,2016,1114,1400
115,2016_1114_1401,0.5,2016,1114,1401
116,2016_1114_1403,0.5,2016,1114,1403
117,2016_1114_1409,0.5,2016,1114,1409
118,2016_1114_1421,0.5,2016,1114,1421
119,2016_1114_1423,0.5,2016,1114,1423
120,2016_1114_1425,0.5,2016,1114,1425
121,2016_1114_1428,0.5,2016,1114,1428
122,2016_1114_1433,0.5,2016,1114,1433
123,2016_1114_1435,0.5,2016,1114,1435
124,2016_1114_1437,0.5,2016,1114,1437
125,2016_1114_1438,0.5,2016,1114,1438
126,2016_1114_1451,0.5,2016,1114,1451
127,2016_1114_1452,0.5,2016,1114,1452
128,2016_1114_1453,0.5,2016,1114,1453
129,2016_1114_1455,0.5,2016,1114,1455
130,2016_1114_1458,0.5,2016,1114,1458
131,2016_1114_1462,0.5,2016,1114,1462
132,2016_1114_1463,0.5,2016,1114,1463
133,2016_1122_1124,0.5,2016,1122,1124
134,2016_1122_1138,0.5,2016,1122,1138
135,2016_1122_1139,0.5,2016,1122,1139
136,2016_1122_1143,0.5,2016,1122,1143
137,2016_1122_1151,0.5,2016,1122,1151
138,2016_1122_1153,0.5,2016,1122,1153
139,2016_1122_1160,0.5,2016,1122,1160
140,2016_1122_1163,0.5,2016,1122,1163
141,2016_1122_1167,0.5,2016,1122,1167
142,2016_1122_1173,0.5,2016,1122,1173
143,2016_1122_1181,0.5,2016,1122,1181
144,2016_1122_1192,0.5,2016,1122,1192
145,2016_1122_1195,0.5,2016,1122,1195
146,2016_1122_1201,0.5,2016,1122,1201
147,2016_1122_1211,0.5,2016,1122,1211
148,2016_1122_1214,0.5,2016,1122,1214
149,2016_1122_1218,0.5,2016,1122,1218
150,2016_1122_1221,0.5,2016,1122,1221
151,2016_1122_1231,0.5,2016,1122,1231
152,2016_1122_1233,0.5,2016,1122,1233
153,2016_1122_1234,0.5,2016,1122,1234
154,2016_1122_1235,0.5,2016,1122,1235
155,2016_1122_1242,0.5,2016,1122,1242
156,2016_1122_1246,0.5,2016,1122,1246
157,2016_1122_1268,0.5,2016,1122,1268
158,2016_1122_1274,0.5,2016,1122,1274
159,2016_1122_1276,0.5,2016,1122,1276
160,2016_1122_1277,0.5,2016,1122,1277
161,2016_1122_1292,0.5,2016,1122,1292
162,2016_1122_1314,0.5,2016,1122,1314
163,2016_1122_1320,0.5,2016,1122,1320
164,2016_1122_1323,0.5,2016,1122,1323
165,2016_1122_1328,0.5,2016,1122,1328
166,2016_1122_1332,0.5,2016,1122,1332
167,2016_1122_1333,0.5,2016,1122,1333
168,2016_1122_1338,0.5,2016,1122,1338
169,2016_1122_1344,0.5,2016,1122,1344
170,2016_1122_1345,0.5,2016,1122,1345
171,2016_1122_1355,0.5,2016,1122,1355
172,2016_1122_1371,0.5,2016,1122,1371
173,2016_1122_1372,0.5,2016,1122,1372
174,2016_1122_1380,0.5,2016,1122,1380
175,2016_1122_1386,0.5,2016,1122,1386
176,2016_1122_1392,0.5,2016,1122,1392
177,2016_1122_1393,0.5,2016,1122,1393
178,2016_1122_1396,0.5,2016,1122,1396
179,2016_1122_1400,0.5,2016,1122,1400
180,2016_1122_1401,0.5,2016,1122,1401
181,2016_1122_1403,0.5,2016,1122,1403
182,2016_1122_1409,0.5,2016,1122,1409
183,2016_1122_1421,0.5,2016,1122,1421
184,2016_1122_1423,0.5,2016,1122,1423
185,2016_1122_1425,0.5,2016,1122,1425
186,2016_1122_1428,0.5,2016,1122,1428
187,2016_1122_1433,0.5,2016,1122,1433
188,2016_1122_1435,0.5,2016,1122,1435
189,2016_1122_1437,0.5,2016,1122,1437
190,2016_1122_1438,0.5,2016,1122,1438
191,2016_1122_1451,0.5,2016,1122,1451
192,2016_1122_1452,0.5,2016,1122,1452
193,2016_1122_1453,0.5,2016,1122,1453
194,2016_1122_1455,0.5,2016,1122,1455
195,2016_1122_1458,0.5,2016,1122,1458
196,2016_1122_1462,0.5,2016,1122,1462
197,2016_1122_1463,0.5,2016,1122,1463
198,2016_1124_1138,0.5,2016,1124,1138
199,2016_1124_1139,0.5,2016,1124,1139
200,2016_1124_1143,0.5,2016,1124,1143
201,2016_1124_1151,0.5,2016,1124,1151
202,2016_1124_1153,0.5,2016,1124,1153
203,2016_1124_1160,0.5,2016,1124,1160
204,2016_1124_1163,0.5,2016,1124,1163
205,2016_1124_1167,0.5,2016,1124,1167
206,2016_1124_1173,0.5,2016,1124,1173
207,2016_1124_1181,0.5,2016,1124,1181
208,2016_1124_1192,0.5,2016,1124,1192
209,2016_1124_1195,0.5,2016,1124,1195
210,2016_1124_1201,0.5,2016,1124,1201
211,2016_1124_1211,0.5,2016,1124,1211
212,2016_1124_1214,0.5,2016,1124,1214
213,2016_1124_1218,0.5,2016,1124,1218
214,2016_1124_1221,0.5,2016,1124,1221
215,2016_1124_1231,0.5,2016,1124,1231
216,2016_1124_1233,0.5,2016,1124,1233
217,2016_1124_1234,0.5,2016,1124,1234
218,2016_1124_1235,0.5,2016,1124,1235
219,2016_1124_1242,0.5,2016,1124,1242
220,2016_1124_1246,0.5,2016,1124,1246
221,2016_1124_1268,0.5,2016,1124,1268
222,2016_1124_1274,0.5,2016,1124,1274
223,2016_1124_1276,0.5,2016,1124,1276
224,2016_1124_1277,0.5,2016,1124,1277
225,2016_1124_1292,0.5,2016,1124,1292
226,2016_1124_1314,0.5,2016,1124,1314
227,2016_1124_1320,0.5,2016,1124,1320
228,2016_1124_1323,0.5,2016,1124,1323
229,2016_1124_1328,0.5,2016,1124,1328
230,2016_1124_1332,0.5,2016,1124,1332
231,2016_1124_1333,0.5,2016,1124,1333
232,2016_1124_1338,0.5,2016,1124,1338
233,2016_1124_1344,0.5,2016,1124,1344
234,2016_1124_1345,0.5,2016,1124,1345
235,2016_1124_1355,0.5,2016,1124,1355
236,2016_1124_1371,0.5,2016,1124,1371
237,2016_1124_1372,0.5,2016,1124,1372
238,2016_1124_1380,0.5,2016,1124,1380
239,2016_1124_1386,0.5,2016,1124,1386
240,2016_1124_1392,0.5,2016,1124,1392
241,2016_1124_1393,0.5,2016,1124,1393
242,2016_1124_1396,0.5,2016,1124,1396
243,2016_1124_1400,0.5,2016,1124,1400
244,2016_1124_1401,0.5,2016,1124,1401
245,2016_1124_1403,0.5,2016,1124,1403
246,2016_1124_1409,0.5,2016,1124,1409
247,2016_1124_1421,0.5,2016,1124,1421
248,2016_1124_1423,0.5,2016,1124,1423
249,2016_1124_1425,0.5,2016,1124,1425
250,2016_1124_1428,0.5,2016,1124,1428
251,2016_1124_1433,0.5,2016,1124,1433
252,2016_1124_1435,0.5,2016,1124,1435
253,2016_1124_1437,0.5,2016,1124,1437
254,2016_1124_1438,0.5,2016,1124,1438
255,2016_1124_1451,0.5,2016,1124,1451
256,2016_1124_1452,0.5,2016,1124,1452
257,2016_1124_1453,0.5,2016,1124,1453
258,2016_1124_1455,0.5,2016,1124,1455
259,2016_1124_1458,0.5,2016,1124,1458
260,2016_1124_1462,0.5,2016,1124,1462
261,2016_1124_1463,0.5,2016,1124,1463
262,2016_1138_1139,0.5,2016,1138,1139
263,2016_1138_1143,0.5,2016,1138,1143
264,2016_1138_1151,0.5,2016,1138,1151
265,2016_1138_1153,0.5,2016,1138,1153
266,2016_1138_1160,0.5,2016,1138,1160
267,2016_1138_1163,0.5,2016,1138,1163
268,2016_1138_1167,0.5,2016,1138,1167
269,2016_1138_1173,0.5,2016,1138,1173
270,2016_1138_1181,0.5,2016,1138,1181
271,2016_1138_1192,0.5,2016,1138,1192
272,2016_1138_1195,0.5,2016,1138,1195
273,2016_1138_1201,0.5,2016,1138,1201
274,2016_1138_1211,0.5,2016,1138,1211
275,2016_1138_1214,0.5,2016,1138,1214
276,2016_1138_1218,0.5,2016,1138,1218
277,2016_1138_1221,0.5,2016,1138,1221
278,2016_1138_1231,0.5,2016,1138,1231
279,2016_1138_1233,0.5,2016,1138,1233
280,2016_1138_1234,0.5,2016,1138,1234
281,2016_1138_1235,0.5,2016,1138,1235
282,2016_1138_1242,0.5,2016,1138,1242
283,2016_1138_1246,0.5,2016,1138,1246
284,2016_1138_1268,0.5,2016,1138,1268
285,2016_1138_1274,0.5,2016,1138,1274
286,2016_1138_1276,0.5,2016,1138,1276
287,2016_1138_1277,0.5,2016,1138,1277
288,2016_1138_1292,0.5,2016,1138,1292
289,2016_1138_1314,0.5,2016,1138,1314
290,2016_1138_1320,0.5,2016,1138,1320
291,2016_1138_1323,0.5,2016,1138,1323
292,2016_1138_1328,0.5,2016,1138,1328
293,2016_1138_1332,0.5,2016,1138,1332
294,2016_1138_1333,0.5,2016,1138,1333
295,2016_1138_1338,0.5,2016,1138,1338
296,2016_1138_1344,0.5,2016,1138,1344
297,2016_1138_1345,0.5,2016,1138,1345
298,2016_1138_1355,0.5,2016,1138,1355
299,2016_1138_1371,0.5,2016,1138,1371
300,2016_1138_1372,0.5,2016,1138,1372
301,2016_1138_1380,0.5,2016,1138,1380
302,2016_1138_1386,0.5,2016,1138,1386
303,2016_1138_1392,0.5,2016,1138,1392
304,2016_1138_1393,0.5,2016,1138,1393
305,2016_1138_1396,0.5,2016,1138,1396
306,2016_1138_1400,0.5,2016,1138,1400
307,2016_1138_1401,0.5,2016,1138,1401
308,2016_1138_1403,0.5,2016,1138,1403
309,2016_1138_1409,0.5,2016,1138,1409
310,2016_1138_1421,0.5,2016,1138,1421
311,2016_1138_1423,0.5,2016,1138,1423
312,2016_1138_1425,0.5,2016,1138,1425
313,2016_1138_1428,0.5,2016,1138,1428
314,2016_1138_1433,0.5,2016,1138,1433
315,2016_1138_1435,0.5,2016,1138,1435
316,2016_1138_1437,0.5,2016,1138,1437
317,2016_1138_1438,0.5,2016,1138,1438
318,2016_1138_1451,0.5,2016,1138,1451
319,2016_1138_1452,0.5,2016,1138,1452
320,2016_1138_1453,0.5,2016,1138,1453
321,2016_1138_1455,0.5,2016,1138,1455
322,2016_1138_1458,0.5,2016,1138,1458
323,2016_1138_1462,0.5,2016,1138,1462
324,2016_1138_1463,0.5,2016,1138,1463
325,2016_1139_1143,0.5,2016,1139,1143
326,2016_1139_1151,0.5,2016,1139,1151
327,2016_1139_1153,0.5,2016,1139,1153
328,2016_1139_1160,0.5,2016,1139,1160
329,2016_1139_1163,0.5,2016,1139,1163
330,2016_1139_1167,0.5,2016,1139,1167
331,2016_1139_1173,0.5,2016,1139,1173
332,2016_1139_1181,0.5,2016,1139,1181
333,2016_1139_1192,0.5,2016,1139,1192
334,2016_1139_1195,0.5,2016,1139,1195
335,2016_1139_1201,0.5,2016,1139,1201
336,2016_1139_1211,0.5,2016,1139,1211
337,2016_1139_1214,0.5,2016,1139,1214
338,2016_1139_1218,0.5,2016,1139,1218
339,2016_1139_1221,0.5,2016,1139,1221
340,2016_1139_1231,0.5,2016,1139,1231
341,2016_1139_1233,0.5,2016,1139,1233
342,2016_1139_1234,0.5,2016,1139,1234
343,2016_1139_1235,0.5,2016,1139,1235
344,2016_1139_1242,0.5,2016,1139,1242
345,2016_1139_1246,0.5,2016,1139,1246
346,2016_1139_1268,0.5,2016,1139,1268
347,2016_1139_1274,0.5,2016,1139,1274
348,2016_1139_1276,0.5,2016,1139,1276
349,2016_1139_1277,0.5,2016,1139,1277
350,2016_1139_1292,0.5,2016,1139,1292
351,2016_1139_1314,0.5,2016,1139,1314
352,2016_1139_1320,0.5,2016,1139,1320
353,2016_1139_1323,0.5,2016,1139,1323
354,2016_1139_1328,0.5,2016,1139,1328
355,2016_1139_1332,0.5,2016,1139,1332
356,2016_1139_1333,0.5,2016,1139,1333
357,2016_1139_1338,0.5,2016,1139,1338
358,2016_1139_1344,0.5,2016,1139,1344
359,2016_1139_1345,0.5,2016,1139,1345
360,2016_1139_1355,0.5,2016,1139,1355
361,2016_1139_1371,0.5,2016,1139,1371
362,2016_1139_1372,0.5,2016,1139,1372
363,2016_1139_1380,0.5,2016,1139,1380
364,2016_1139_1386,0.5,2016,1139,1386
365,2016_1139_1392,0.5,2016,1139,1392
366,2016_1139_1393,0.5,2016,1139,1393
367,2016_1139_1396,0.5,2016,1139,1396
368,2016_1139_1400,0.5,2016,1139,1400
369,2016_1139_1401,0.5,2016,1139,1401
370,2016_1139_1403,0.5,2016,1139,1403
371,2016_1139_1409,0.5,2016,1139,1409
372,2016_1139_1421,0.5,2016,1139,1421
373,2016_1139_1423,0.5,2016,1139,1423
374,2016_1139_1425,0.5,2016,1139,1425
375,2016_1139_1428,0.5,2016,1139,1428
376,2016_1139_1433,0.5,2016,1139,1433
377,2016_1139_1435,0.5,2016,1139,1435
378,2016_1139_1437,0.5,2016,1139,1437
379,2016_1139_1438,0.5,2016,1139,1438
380,2016_1139_1451,0.5,2016,1139,1451
381,2016_1139_1452,0.5,2016,1139,1452
382,2016_1139_1453,0.5,2016,1139,1453
383,2016_1139_1455,0.5,2016,1139,1455
384,2016_1139_1458,0.5,2016,1139,1458
385,2016_1139_1462,0.5,2016,1139,1462
386,2016_1139_1463,0.5,2016,1139,1463
387,2016_1143_1151,0.5,2016,1143,1151
388,2016_1143_1153,0.5,2016,1143,1153
389,2016_1143_1160,0.5,2016,1143,1160
390,2016_1143_1163,0.5,2016,1143,1163
391,2016_1143_1167,0.5,2016,1143,1167
392,2016_1143_1173,0.5,2016,1143,1173
393,2016_1143_1181,0.5,2016,1143,1181
394,2016_1143_1192,0.5,2016,1143,1192
395,2016_1143_1195,0.5,2016,1143,1195
396,2016_1143_1201,0.5,2016,1143,1201
397,2016_1143_1211,0.5,2016,1143,1211
398,2016_1143_1214,0.5,2016,1143,1214
399,2016_1143_1218,0.5,2016,1143,1218
400,2016_1143_1221,0.5,2016,1143,1221
401,2016_1143_1231,0.5,2016,1143,1231
402,2016_1143_1233,0.5,2016,1143,1233
403,2016_1143_1234,0.5,2016,1143,1234
404,2016_1143_1235,0.5,2016,1143,1235
405,2016_1143_1242,0.5,2016,1143,1242
406,2016_1143_1246,0.5,2016,1143,1246
407,2016_1143_1268,0.5,2016,1143,1268
408,2016_1143_1274,0.5,2016,1143,1274
409,2016_1143_1276,0.5,2016,1143,1276
410,2016_1143_1277,0.5,2016,1143,1277
411,2016_1143_1292,0.5,2016,1143,1292
412,2016_1143_1314,0.5,2016,1143,1314
413,2016_1143_1320,0.5,2016,1143,1320
414,2016_1143_1323,0.5,2016,1143,1323
415,2016_1143_1328,0.5,2016,1143,1328
416,2016_1143_1332,0.5,2016,1143,1332
417,2016_1143_1333,0.5,2016,1143,1333
418,2016_1143_1338,0.5,2016,1143,1338
419,2016_1143_1344,0.5,2016,1143,1344
420,2016_1143_1345,0.5,2016,1143,1345
421,2016_1143_1355,0.5,2016,1143,1355
422,2016_1143_1371,0.5,2016,1143,1371
423,2016_1143_1372,0.5,2016,1143,1372
424,2016_1143_1380,0.5,2016,1143,1380
425,2016_1143_1386,0.5,2016,1143,1386
426,2016_1143_1392,0.5,2016,1143,1392
427,2016_1143_1393,0.5,2016,1143,1393
428,2016_1143_1396,0.5,2016,1143,1396
429,2016_1143_1400,0.5,2016,1143,1400
430,2016_1143_1401,0.5,2016,1143,1401
431,2016_1143_1403,0.5,2016,1143,1403
432,2016_1143_1409,0.5,2016,1143,1409
433,2016_1143_1421,0.5,2016,1143,1421
434,2016_1143_1423,0.5,2016,1143,1423
435,2016_1143_1425,0.5,2016,1143,1425
436,2016_1143_1428,0.5,2016,1143,1428
437,2016_1143_1433,0.5,2016,1143,1433
438,2016_1143_1435,0.5,2016,1143,1435
439,2016_1143_1437,0.5,2016,1143,1437
440,2016_1143_1438,0.5,2016,1143,1438
441,2016_1143_1451,0.5,2016,1143,1451
442,2016_1143_1452,0.5,2016,1143,1452
443,2016_1143_1453,0.5,2016,1143,1453
444,2016_1143_1455,0.5,2016,1143,1455
445,2016_1143_1458,0.5,2016,1143,1458
446,2016_1143_1462,0.5,2016,1143,1462
447,2016_1143_1463,0.5,2016,1143,1463
448,2016_1151_1153,0.5,2016,1151,1153
449,2016_1151_1160,0.5,2016,1151,1160
450,2016_1151_1163,0.5,2016,1151,1163
451,2016_1151_1167,0.5,2016,1151,1167
452,2016_1151_1173,0.5,2016,1151,1173
453,2016_1151_1181,0.5,2016,1151,1181
454,2016_1151_1192,0.5,2016,1151,1192
455,2016_1151_1195,0.5,2016,1151,1195
456,2016_1151_1201,0.5,2016,1151,1201
457,2016_1151_1211,0.5,2016,1151,1211
458,2016_1151_1214,0.5,2016,1151,1214
459,2016_1151_1218,0.5,2016,1151,1218
460,2016_1151_1221,0.5,2016,1151,1221
461,2016_1151_1231,0.5,2016,1151,1231
462,2016_1151_1233,0.5,2016,1151,1233
463,2016_1151_1234,0.5,2016,1151,1234
464,2016_1151_1235,0.5,2016,1151,1235
465,2016_1151_1242,0.5,2016,1151,1242
466,2016_1151_1246,0.5,2016,1151,1246
467,2016_1151_1268,0.5,2016,1151,1268
468,2016_1151_1274,0.5,2016,1151,1274
469,2016_1151_1276,0.5,2016,1151,1276
470,2016_1151_1277,0.5,2016,1151,1277
471,2016_1151_1292,0.5,2016,1151,1292
472,2016_1151_1314,0.5,2016,1151,1314
473,2016_1151_1320,0.5,2016,1151,1320
474,2016_1151_1323,0.5,2016,1151,1323
475,2016_1151_1328,0.5,2016,1151,1328
476,2016_1151_1332,0.5,2016,1151,1332
477,2016_1151_1333,0.5,2016,1151,1333
478,2016_1151_1338,0.5,2016,1151,1338
479,2016_1151_1344,0.5,2016,1151,1344
480,2016_1151_1345,0.5,2016,1151,1345
481,2016_1151_1355,0.5,2016,1151,1355
482,2016_1151_1371,0.5,2016,1151,1371
483,2016_1151_1372,0.5,2016,1151,1372
484,2016_1151_1380,0.5,2016,1151,1380
485,2016_1151_1386,0.5,2016,1151,1386
486,2016_1151_1392,0.5,2016,1151,1392
487,2016_1151_1393,0.5,2016,1151,1393
488,2016_1151_1396,0.5,2016,1151,1396
489,2016_1151_1400,0.5,2016,1151,1400
490,2016_1151_1401,0.5,2016,1151,1401
491,2016_1151_1403,0.5,2016,1151,1403
492,2016_1151_1409,0.5,2016,1151,1409
493,2016_1151_1421,0.5,2016,1151,1421
494,2016_1151_1423,0.5,2016,1151,1423
495,2016_1151_1425,0.5,2016,1151,1425
496,2016_1151_1428,0.5,2016,1151,1428
497,2016_1151_1433,0.5,2016,1151,1433
498,2016_1151_1435,0.5,2016,1151,1435
499,2016_1151_1437,0.5,2016,1151,1437
500,2016_1151_1438,0.5,2016,1151,1438
501,2016_1151_1451,0.5,2016,1151,1451
502,2016_1151_1452,0.5,2016,1151,1452
503,2016_1151_1453,0.5,2016,1151,1453
504,2016_1151_1455,0.5,2016,1151,1455
505,2016_1151_1458,0.5,2016,1151,1458
506,2016_1151_1462,0.5,2016,1151,1462
507,2016_1151_1463,0.5,2016,1151,1463
508,2016_1153_1160,0.5,2016,1153,1160
509,2016_1153_1163,0.5,2016,1153,1163
510,2016_1153_1167,0.5,2016,1153,1167
511,2016_1153_1173,0.5,2016,1153,1173
512,2016_1153_1181,0.5,2016,1153,1181
513,2016_1153_1192,0.5,2016,1153,1192
514,2016_1153_1195,0.5,2016,1153,1195
515,2016_1153_1201,0.5,2016,1153,1201
516,2016_1153_1211,0.5,2016,1153,1211
517,2016_1153_1214,0.5,2016,1153,1214
518,2016_1153_1218,0.5,2016,1153,1218
519,2016_1153_1221,0.5,2016,1153,1221
520,2016_1153_1231,0.5,2016,1153,1231
521,2016_1153_1233,0.5,2016,1153,1233
522,2016_1153_1234,0.5,2016,1153,1234
523,2016_1153_1235,0.5,2016,1153,1235
524,2016_1153_1242,0.5,2016,1153,1242
525,2016_1153_1246,0.5,2016,1153,1246
526,2016_1153_1268,0.5,2016,1153,1268
527,2016_1153_1274,0.5,2016,1153,1274
528,2016_1153_1276,0.5,2016,1153,1276
529,2016_1153_1277,0.5,2016,1153,1277
530,2016_1153_1292,0.5,2016,1153,1292
531,2016_1153_1314,0.5,2016,1153,1314
532,2016_1153_1320,0.5,2016,1153,1320
533,2016_1153_1323,0.5,2016,1153,1323
534,2016_1153_1328,0.5,2016,1153,1328
535,2016_1153_1332,0.5,2016,1153,1332
536,2016_1153_1333,0.5,2016,1153,1333
537,2016_1153_1338,0.5,2016,1153,1338
538,2016_1153_1344,0.5,2016,1153,1344
539,2016_1153_1345,0.5,2016,1153,1345
540,2016_1153_1355,0.5,2016,1153,1355
541,2016_1153_1371,0.5,2016,1153,1371
542,2016_1153_1372,0.5,2016,1153,1372
543,2016_1153_1380,0.5,2016,1153,1380
544,2016_1153_1386,0.5,2016,1153,1386
545,2016_1153_1392,0.5,2016,1153,1392
546,2016_1153_1393,0.5,2016,1153,1393
547,2016_1153_1396,0.5,2016,1153,1396
548,2016_1153_1400,0.5,2016,1153,1400
549,2016_1153_1401,0.5,2016,1153,1401
550,2016_1153_1403,0.5,2016,1153,1403
551,2016_1153_1409,0.5,2016,1153,1409
552,2016_1153_1421,0.5,2016,1153,1421
553,2016_1153_1423,0.5,2016,1153,1423
554,2016_1153_1425,0.5,2016,1153,1425
555,2016_1153_1428,0.5,2016,1153,1428
556,2016_1153_1433,0.5,2016,1153,1433
557,2016_1153_1435,0.5,2016,1153,1435
558,2016_1153_1437,0.5,2016,1153,1437
559,2016_1153_1438,0.5,2016,1153,1438
560,2016_1153_1451,0.5,2016,1153,1451
561,2016_1153_1452,0.5,2016,1153,1452
562,2016_1153_1453,0.5,2016,1153,1453
563,2016_1153_1455,0.5,2016,1153,1455
564,2016_1153_1458,0.5,2016,1153,1458
565,2016_1153_1462,0.5,2016,1153,1462
566,2016_1153_1463,0.5,2016,1153,1463
567,2016_1160_1163,0.5,2016,1160,1163
568,2016_1160_1167,0.5,2016,1160,1167
569,2016_1160_1173,0.5,2016,1160,1173
570,2016_1160_1181,0.5,2016,1160,1181
571,2016_1160_1192,0.5,2016,1160,1192
572,2016_1160_1195,0.5,2016,1160,1195
573,2016_1160_1201,0.5,2016,1160,1201
574,2016_1160_1211,0.5,2016,1160,1211
575,2016_1160_1214,0.5,2016,1160,1214
576,2016_1160_1218,0.5,2016,1160,1218
577,2016_1160_1221,0.5,2016,1160,1221
578,2016_1160_1231,0.5,2016,1160,1231
579,2016_1160_1233,0.5,2016,1160,1233
580,2016_1160_1234,0.5,2016,1160,1234
581,2016_1160_1235,0.5,2016,1160,1235
582,2016_1160_1242,0.5,2016,1160,1242
583,2016_1160_1246,0.5,2016,1160,1246
584,2016_1160_1268,0.5,2016,1160,1268
585,2016_1160_1274,0.5,2016,1160,1274
586,2016_1160_1276,0.5,2016,1160,1276
587,2016_1160_1277,0.5,2016,1160,1277
588,2016_1160_1292,0.5,2016,1160,1292
589,2016_1160_1314,0.5,2016,1160,1314
590,2016_1160_1320,0.5,2016,1160,1320
591,2016_1160_1323,0.5,2016,1160,1323
592,2016_1160_1328,0.5,2016,1160,1328
593,2016_1160_1332,0.5,2016,1160,1332
594,2016_1160_1333,0.5,2016,1160,1333
595,2016_1160_1338,0.5,2016,1160,1338
596,2016_1160_1344,0.5,2016,1160,1344
597,2016_1160_1345,0.5,2016,1160,1345
598,2016_1160_1355,0.5,2016,1160,1355
599,2016_1160_1371,0.5,2016,1160,1371
600,2016_1160_1372,0.5,2016,1160,1372
601,2016_1160_1380,0.5,2016,1160,1380
602,2016_1160_1386,0.5,2016,1160,1386
603,2016_1160_1392,0.5,2016,1160,1392
604,2016_1160_1393,0.5,2016,1160,1393
605,2016_1160_1396,0.5,2016,1160,1396
606,2016_1160_1400,0.5,2016,1160,1400
607,2016_1160_1401,0.5,2016,1160,1401
608,2016_1160_1403,0.5,2016,1160,1403
609,2016_1160_1409,0.5,2016,1160,1409
610,2016_1160_1421,0.5,2016,1160,1421
611,2016_1160_1423,0.5,2016,1160,1423
612,2016_1160_1425,0.5,2016,1160,1425
613,2016_1160_1428,0.5,2016,1160,1428
614,2016_1160_1433,0.5,2016,1160,1433
615,2016_1160_1435,0.5,2016,1160,1435
616,2016_1160_1437,0.5,2016,1160,1437
617,2016_1160_1438,0.5,2016,1160,1438
618,2016_1160_1451,0.5,2016,1160,1451
619,2016_1160_1452,0.5,2016,1160,1452
620,2016_1160_1453,0.5,2016,1160,1453
621,2016_1160_1455,0.5,2016,1160,1455
622,2016_1160_1458,0.5,2016,1160,1458
623,2016_1160_1462,0.5,2016,1160,1462
624,2016_1160_1463,0.5,2016,1160,1463
625,2016_1163_1167,0.5,2016,1163,1167
626,2016_1163_1173,0.5,2016,1163,1173
627,2016_1163_1181,0.5,2016,1163,1181
628,2016_1163_1192,0.5,2016,1163,1192
629,2016_1163_1195,0.5,2016,1163,1195
630,2016_1163_1201,0.5,2016,1163,1201
631,2016_1163_1211,0.5,2016,1163,1211
632,2016_1163_1214,0.5,2016,1163,1214
633,2016_1163_1218,0.5,2016,1163,1218
634,2016_1163_1221,0.5,2016,1163,1221
635,2016_1163_1231,0.5,2016,1163,1231
636,2016_1163_1233,0.5,2016,1163,1233
637,2016_1163_1234,0.5,2016,1163,1234
638,2016_1163_1235,0.5,2016,1163,1235
639,2016_1163_1242,0.5,2016,1163,1242
640,2016_1163_1246,0.5,2016,1163,1246
641,2016_1163_1268,0.5,2016,1163,1268
642,2016_1163_1274,0.5,2016,1163,1274
643,2016_1163_1276,0.5,2016,1163,1276
644,2016_1163_1277,0.5,2016,1163,1277
645,2016_1163_1292,0.5,2016,1163,1292
646,2016_1163_1314,0.5,2016,1163,1314
647,2016_1163_1320,0.5,2016,1163,1320
648,2016_1163_1323,0.5,2016,1163,1323
649,2016_1163_1328,0.5,2016,1163,1328
650,2016_1163_1332,0.5,2016,1163,1332
651,2016_1163_1333,0.5,2016,1163,1333
652,2016_1163_1338,0.5,2016,1163,1338
653,2016_1163_1344,0.5,2016,1163,1344
654,2016_1163_1345,0.5,2016,1163,1345
655,2016_1163_1355,0.5,2016,1163,1355
656,2016_1163_1371,0.5,2016,1163,1371
657,2016_1163_1372,0.5,2016,1163,1372
658,2016_1163_1380,0.5,2016,1163,1380
659,2016_1163_1386,0.5,2016,1163,1386
660,2016_1163_1392,0.5,2016,1163,1392
661,2016_1163_1393,0.5,2016,1163,1393
662,2016_1163_1396,0.5,2016,1163,1396
663,2016_1163_1400,0.5,2016,1163,1400
664,2016_1163_1401,0.5,2016,1163,1401
665,2016_1163_1403,0.5,2016,1163,1403
666,2016_1163_1409,0.5,2016,1163,1409
667,2016_1163_1421,0.5,2016,1163,1421
668,2016_1163_1423,0.5,2016,1163,1423
669,2016_1163_1425,0.5,2016,1163,1425
670,2016_1163_1428,0.5,2016,1163,1428
671,2016_1163_1433,0.5,2016,1163,1433
672,2016_1163_1435,0.5,2016,1163,1435
673,2016_1163_1437,0.5,2016,1163,1437
674,2016_1163_1438,0.5,2016,1163,1438
675,2016_1163_1451,0.5,2016,1163,1451
676,2016_1163_1452,0.5,2016,1163,1452
677,2016_1163_1453,0.5,2016,1163,1453
678,2016_1163_1455,0.5,2016,1163,1455
679,2016_1163_1458,0.5,2016,1163,1458
680,2016_1163_1462,0.5,2016,1163,1462
681,2016_1163_1463,0.5,2016,1163,1463
682,2016_1167_1173,0.5,2016,1167,1173
683,2016_1167_1181,0.5,2016,1167,1181
684,2016_1167_1192,0.5,2016,1167,1192
685,2016_1167_1195,0.5,2016,1167,1195
686,2016_1167_1201,0.5,2016,1167,1201
687,2016_1167_1211,0.5,2016,1167,1211
688,2016_1167_1214,0.5,2016,1167,1214
689,2016_1167_1218,0.5,2016,1167,1218
690,2016_1167_1221,0.5,2016,1167,1221
691,2016_1167_1231,0.5,2016,1167,1231
692,2016_1167_1233,0.5,2016,1167,1233
693,2016_1167_1234,0.5,2016,1167,1234
694,2016_1167_1235,0.5,2016,1167,1235
695,2016_1167_1242,0.5,2016,1167,1242
696,2016_1167_1246,0.5,2016,1167,1246
697,2016_1167_1268,0.5,2016,1167,1268
698,2016_1167_1274,0.5,2016,1167,1274
699,2016_1167_1276,0.5,2016,1167,1276
700,2016_1167_1277,0.5,2016,1167,1277
701,2016_1167_1292,0.5,2016,1167,1292
702,2016_1167_1314,0.5,2016,1167,1314
703,2016_1167_1320,0.5,2016,1167,1320
704,2016_1167_1323,0.5,2016,1167,1323
705,2016_1167_1328,0.5,2016,1167,1328
706,2016_1167_1332,0.5,2016,1167,1332
707,2016_1167_1333,0.5,2016,1167,1333
708,2016_1167_1338,0.5,2016,1167,1338
709,2016_1167_1344,0.5,2016,1167,1344
710,2016_1167_1345,0.5,2016,1167,1345
711,2016_1167_1355,0.5,2016,1167,1355
712,2016_1167_1371,0.5,2016,1167,1371
713,2016_1167_1372,0.5,2016,1167,1372
714,2016_1167_1380,0.5,2016,1167,1380
715,2016_1167_1386,0.5,2016,1167,1386
716,2016_1167_1392,0.5,2016,1167,1392
717,2016_1167_1393,0.5,2016,1167,1393
718,2016_1167_1396,0.5,2016,1167,1396
719,2016_1167_1400,0.5,2016,1167,1400
720,2016_1167_1401,0.5,2016,1167,1401
721,2016_1167_1403,0.5,2016,1167,1403
722,2016_1167_1409,0.5,2016,1167,1409
723,2016_1167_1421,0.5,2016,1167,1421
724,2016_1167_1423,0.5,2016,1167,1423
725,2016_1167_1425,0.5,2016,1167,1425
726,2016_1167_1428,0.5,2016,1167,1428
727,2016_1167_1433,0.5,2016,1167,1433
728,2016_1167_1435,0.5,2016,1167,1435
729,2016_1167_1437,0.5,2016,1167,1437
730,2016_1167_1438,0.5,2016,1167,1438
731,2016_1167_1451,0.5,2016,1167,1451
732,2016_1167_1452,0.5,2016,1167,1452
733,2016_1167_1453,0.5,2016,1167,1453
734,2016_1167_1455,0.5,2016,1167,1455
735,2016_1167_1458,0.5,2016,1167,1458
736,2016_1167_1462,0.5,2016,1167,1462
737,2016_1167_1463,0.5,2016,1167,1463
738,2016_1173_1181,0.5,2016,1173,1181
739,2016_1173_1192,0.5,2016,1173,1192
740,2016_1173_1195,0.5,2016,1173,1195
741,2016_1173_1201,0.5,2016,1173,1201
742,2016_1173_1211,0.5,2016,1173,1211
743,2016_1173_1214,0.5,2016,1173,1214
744,2016_1173_1218,0.5,2016,1173,1218
745,2016_1173_1221,0.5,2016,1173,1221
746,2016_1173_1231,0.5,2016,1173,1231
747,2016_1173_1233,0.5,2016,1173,1233
748,2016_1173_1234,0.5,2016,1173,1234
749,2016_1173_1235,0.5,2016,1173,1235
750,2016_1173_1242,0.5,2016,1173,1242
751,2016_1173_1246,0.5,2016,1173,1246
752,2016_1173_1268,0.5,2016,1173,1268
753,2016_1173_1274,0.5,2016,1173,1274
754,2016_1173_1276,0.5,2016,1173,1276
755,2016_1173_1277,0.5,2016,1173,1277
756,2016_1173_1292,0.5,2016,1173,1292
757,2016_1173_1314,0.5,2016,1173,1314
758,2016_1173_1320,0.5,2016,1173,1320
759,2016_1173_1323,0.5,2016,1173,1323
760,2016_1173_1328,0.5,2016,1173,1328
761,2016_1173_1332,0.5,2016,1173,1332
762,2016_1173_1333,0.5,2016,1173,1333
763,2016_1173_1338,0.5,2016,1173,1338
764,2016_1173_1344,0.5,2016,1173,1344
765,2016_1173_1345,0.5,2016,1173,1345
766,2016_1173_1355,0.5,2016,1173,1355
767,2016_1173_1371,0.5,2016,1173,1371
768,2016_1173_1372,0.5,2016,1173,1372
769,2016_1173_1380,0.5,2016,1173,1380
770,2016_1173_1386,0.5,2016,1173,1386
771,2016_1173_1392,0.5,2016,1173,1392
772,2016_1173_1393,0.5,2016,1173,1393
773,2016_1173_1396,0.5,2016,1173,1396
774,2016_1173_1400,0.5,2016,1173,1400
775,2016_1173_1401,0.5,2016,1173,1401
776,2016_1173_1403,0.5,2016,1173,1403
777,2016_1173_1409,0.5,2016,1173,1409
778,2016_1173_1421,0.5,2016,1173,1421
779,2016_1173_1423,0.5,2016,1173,1423
780,2016_1173_1425,0.5,2016,1173,1425
781,2016_1173_1428,0.5,2016,1173,1428
782,2016_1173_1433,0.5,2016,1173,1433
783,2016_1173_1435,0.5,2016,1173,1435
784,2016_1173_1437,0.5,2016,1173,1437
785,2016_1173_1438,0.5,2016,1173,1438
786,2016_1173_1451,0.5,2016,1173,1451
787,2016_1173_1452,0.5,2016,1173,1452
788,2016_1173_1453,0.5,2016,1173,1453
789,2016_1173_1455,0.5,2016,1173,1455
790,2016_1173_1458,0.5,2016,1173,1458
791,2016_1173_1462,0.5,2016,1173,1462
792,2016_1173_1463,0.5,2016,1173,1463
793,2016_1181_1192,0.5,2016,1181,1192
794,2016_1181_1195,0.5,2016,1181,1195
795,2016_1181_1201,0.5,2016,1181,1201
796,2016_1181_1211,0.5,2016,1181,1211
797,2016_1181_1214,0.5,2016,1181,1214
798,2016_1181_1218,0.5,2016,1181,1218
799,2016_1181_1221,0.5,2016,1181,1221
800,2016_1181_1231,0.5,2016,1181,1231
801,2016_1181_1233,0.5,2016,1181,1233
802,2016_1181_1234,0.5,2016,1181,1234
803,2016_1181_1235,0.5,2016,1181,1235
804,2016_1181_1242,0.5,2016,1181,1242
805,2016_1181_1246,0.5,2016,1181,1246
806,2016_1181_1268,0.5,2016,1181,1268
807,2016_1181_1274,0.5,2016,1181,1274
808,2016_1181_1276,0.5,2016,1181,1276
809,2016_1181_1277,0.5,2016,1181,1277
810,2016_1181_1292,0.5,2016,1181,1292
811,2016_1181_1314,0.5,2016,1181,1314
812,2016_1181_1320,0.5,2016,1181,1320
813,2016_1181_1323,0.5,2016,1181,1323
814,2016_1181_1328,0.5,2016,1181,1328
815,2016_1181_1332,0.5,2016,1181,1332
816,2016_1181_1333,0.5,2016,1181,1333
817,2016_1181_1338,0.5,2016,1181,1338
818,2016_1181_1344,0.5,2016,1181,1344
819,2016_1181_1345,0.5,2016,1181,1345
820,2016_1181_1355,0.5,2016,1181,1355
821,2016_1181_1371,0.5,2016,1181,1371
822,2016_1181_1372,0.5,2016,1181,1372
823,2016_1181_1380,0.5,2016,1181,1380
824,2016_1181_1386,0.5,2016,1181,1386
825,2016_1181_1392,0.5,2016,1181,1392
826,2016_1181_1393,0.5,2016,1181,1393
827,2016_1181_1396,0.5,2016,1181,1396
828,2016_1181_1400,0.5,2016,1181,1400
829,2016_1181_1401,0.5,2016,1181,1401
830,2016_1181_1403,0.5,2016,1181,1403
831,2016_1181_1409,0.5,2016,1181,1409
832,2016_1181_1421,0.5,2016,1181,1421
833,2016_1181_1423,0.5,2016,1181,1423
834,2016_1181_1425,0.5,2016,1181,1425
835,2016_1181_1428,0.5,2016,1181,1428
836,2016_1181_1433,0.5,2016,1181,1433
837,2016_1181_1435,0.5,2016,1181,1435
838,2016_1181_1437,0.5,2016,1181,1437
839,2016_1181_1438,0.5,2016,1181,1438
840,2016_1181_1451,0.5,2016,1181,1451
841,2016_1181_1452,0.5,2016,1181,1452
842,2016_1181_1453,0.5,2016,1181,1453
843,2016_1181_1455,0.5,2016,1181,1455
844,2016_1181_1458,0.5,2016,1181,1458
845,2016_1181_1462,0.5,2016,1181,1462
846,2016_1181_1463,0.5,2016,1181,1463
847,2016_1192_1195,0.5,2016,1192,1195
848,2016_1192_1201,0.5,2016,1192,1201
849,2016_1192_1211,0.5,2016,1192,1211
850,2016_1192_1214,0.5,2016,1192,1214
851,2016_1192_1218,0.5,2016,1192,1218
852,2016_1192_1221,0.5,2016,1192,1221
853,2016_1192_1231,0.5,2016,1192,1231
854,2016_1192_1233,0.5,2016,1192,1233
855,2016_1192_1234,0.5,2016,1192,1234
856,2016_1192_1235,0.5,2016,1192,1235
857,2016_1192_1242,0.5,2016,1192,1242
858,2016_1192_1246,0.5,2016,1192,1246
859,2016_1192_1268,0.5,2016,1192,1268
860,2016_1192_1274,0.5,2016,1192,1274
861,2016_1192_1276,0.5,2016,1192,1276
862,2016_1192_1277,0.5,2016,1192,1277
863,2016_1192_1292,0.5,2016,1192,1292
864,2016_1192_1314,0.5,2016,1192,1314
865,2016_1192_1320,0.5,2016,1192,1320
866,2016_1192_1323,0.5,2016,1192,1323
867,2016_1192_1328,0.5,2016,1192,1328
868,2016_1192_1332,0.5,2016,1192,1332
869,2016_1192_1333,0.5,2016,1192,1333
870,2016_1192_1338,0.5,2016,1192,1338
871,2016_1192_1344,0.5,2016,1192,1344
872,2016_1192_1345,0.5,2016,1192,1345
873,2016_1192_1355,0.5,2016,1192,1355
874,2016_1192_1371,0.5,2016,1192,1371
875,2016_1192_1372,0.5,2016,1192,1372
876,2016_1192_1380,0.5,2016,1192,1380
877,2016_1192_1386,0.5,2016,1192,1386
878,2016_1192_1392,0.5,2016,1192,1392
879,2016_1192_1393,0.5,2016,1192,1393
880,2016_1192_1396,0.5,2016,1192,1396
881,2016_1192_1400,0.5,2016,1192,1400
882,2016_1192_1401,0.5,2016,1192,1401
883,2016_1192_1403,0.5,2016,1192,1403
884,2016_1192_1409,0.5,2016,1192,1409
885,2016_1192_1421,0.5,2016,1192,1421
886,2016_1192_1423,0.5,2016,1192,1423
887,2016_1192_1425,0.5,2016,1192,1425
888,2016_1192_1428,0.5,2016,1192,1428
889,2016_1192_1433,0.5,2016,1192,1433
890,2016_1192_1435,0.5,2016,1192,1435
891,2016_1192_1437,0.5,2016,1192,1437
892,2016_1192_1438,0.5,2016,1192,1438
893,2016_1192_1451,0.5,2016,1192,1451
894,2016_1192_1452,0.5,2016,1192,1452
895,2016_1192_1453,0.5,2016,1192,1453
896,2016_1192_1455,0.5,2016,1192,1455
897,2016_1192_1458,0.5,2016,1192,1458
898,2016_1192_1462,0.5,2016,1192,1462
899,2016_1192_1463,0.5,2016,1192,1463
900,2016_1195_1201,0.5,2016,1195,1201
901,2016_1195_1211,0.5,2016,1195,1211
902,2016_1195_1214,0.5,2016,1195,1214
903,2016_1195_1218,0.5,2016,1195,1218
904,2016_1195_1221,0.5,2016,1195,1221
905,2016_1195_1231,0.5,2016,1195,1231
906,2016_1195_1233,0.5,2016,1195,1233
907,2016_1195_1234,0.5,2016,1195,1234
908,2016_1195_1235,0.5,2016,1195,1235
909,2016_1195_1242,0.5,2016,1195,1242
910,2016_1195_1246,0.5,2016,1195,1246
911,2016_1195_1268,0.5,2016,1195,1268
912,2016_1195_1274,0.5,2016,1195,1274
913,2016_1195_1276,0.5,2016,1195,1276
914,2016_1195_1277,0.5,2016,1195,1277
915,2016_1195_1292,0.5,2016,1195,1292
916,2016_1195_1314,0.5,2016,1195,1314
917,2016_1195_1320,0.5,2016,1195,1320
918,2016_1195_1323,0.5,2016,1195,1323
919,2016_1195_1328,0.5,2016,1195,1328
920,2016_1195_1332,0.5,2016,1195,1332
921,2016_1195_1333,0.5,2016,1195,1333
922,2016_1195_1338,0.5,2016,1195,1338
923,2016_1195_1344,0.5,2016,1195,1344
924,2016_1195_1345,0.5,2016,1195,1345
925,2016_1195_1355,0.5,2016,1195,1355
926,2016_1195_1371,0.5,2016,1195,1371
927,2016_1195_1372,0.5,2016,1195,1372
928,2016_1195_1380,0.5,2016,1195,1380
929,2016_1195_1386,0.5,2016,1195,1386
930,2016_1195_1392,0.5,2016,1195,1392
931,2016_1195_1393,0.5,2016,1195,1393
932,2016_1195_1396,0.5,2016,1195,1396
933,2016_1195_1400,0.5,2016,1195,1400
934,2016_1195_1401,0.5,2016,1195,1401
935,2016_1195_1403,0.5,2016,1195,1403
936,2016_1195_1409,0.5,2016,1195,1409
937,2016_1195_1421,0.5,2016,1195,1421
938,2016_1195_1423,0.5,2016,1195,1423
939,2016_1195_1425,0.5,2016,1195,1425
940,2016_1195_1428,0.5,2016,1195,1428
941,2016_1195_1433,0.5,2016,1195,1433
942,2016_1195_1435,0.5,2016,1195,1435
943,2016_1195_1437,0.5,2016,1195,1437
944,2016_1195_1438,0.5,2016,1195,1438
945,2016_1195_1451,0.5,2016,1195,1451
946,2016_1195_1452,0.5,2016,1195,1452
947,2016_1195_1453,0.5,2016,1195,1453
948,2016_1195_1455,0.5,2016,1195,1455
949,2016_1195_1458,0.5,2016,1195,1458
950,2016_1195_1462,0.5,2016,1195,1462
951,2016_1195_1463,0.5,2016,1195,1463
952,2016_1201_1211,0.5,2016,1201,1211
953,2016_1201_1214,0.5,2016,1201,1214
954,2016_1201_1218,0.5,2016,1201,1218
955,2016_1201_1221,0.5,2016,1201,1221
956,2016_1201_1231,0.5,2016,1201,1231
957,2016_1201_1233,0.5,2016,1201,1233
958,2016_1201_1234,0.5,2016,1201,1234
959,2016_1201_1235,0.5,2016,1201,1235
960,2016_1201_1242,0.5,2016,1201,1242
961,2016_1201_1246,0.5,2016,1201,1246
962,2016_1201_1268,0.5,2016,1201,1268
963,2016_1201_1274,0.5,2016,1201,1274
964,2016_1201_1276,0.5,2016,1201,1276
965,2016_1201_1277,0.5,2016,1201,1277
966,2016_1201_1292,0.5,2016,1201,1292
967,2016_1201_1314,0.5,2016,1201,1314
968,2016_1201_1320,0.5,2016,1201,1320
969,2016_1201_1323,0.5,2016,1201,1323
970,2016_1201_1328,0.5,2016,1201,1328
971,2016_1201_1332,0.5,2016,1201,1332
972,2016_1201_1333,0.5,2016,1201,1333
973,2016_1201_1338,0.5,2016,1201,1338
974,2016_1201_1344,0.5,2016,1201,1344
975,2016_1201_1345,0.5,2016,1201,1345
976,2016_1201_1355,0.5,2016,1201,1355
977,2016_1201_1371,0.5,2016,1201,1371
978,2016_1201_1372,0.5,2016,1201,1372
979,2016_1201_1380,0.5,2016,1201,1380
980,2016_1201_1386,0.5,2016,1201,1386
981,2016_1201_1392,0.5,2016,1201,1392
982,2016_1201_1393,0.5,2016,1201,1393
983,2016_1201_1396,0.5,2016,1201,1396
984,2016_1201_1400,0.5,2016,1201,1400
985,2016_1201_1401,0.5,2016,1201,1401
986,2016_1201_1403,0.5,2016,1201,1403
987,2016_1201_1409,0.5,2016,1201,1409
988,2016_1201_1421,0.5,2016,1201,1421
989,2016_1201_1423,0.5,2016,1201,1423
990,2016_1201_1425,0.5,2016,1201,1425
991,2016_1201_1428,0.5,2016,1201,1428
992,2016_1201_1433,0.5,2016,1201,1433
993,2016_1201_1435,0.5,2016,1201,1435
994,2016_1201_1437,0.5,2016,1201,1437
995,2016_1201_1438,0.5,2016,1201,1438
996,2016_1201_1451,0.5,2016,1201,1451
997,2016_1201_1452,0.5,2016,1201,1452
998,2016_1201_1453,0.5,2016,1201,1453
999,2016_1201_1455,0.5,2016,1201,1455
1000,2016_1201_1458,0.5,2016,1201,1458
1001,2016_1201_1462,0.5,2016,1201,1462
1002,2016_1201_1463,0.5,2016,1201,1463
1003,2016_1211_1214,0.5,2016,1211,1214
1004,2016_1211_1218,0.5,2016,1211,1218
1005,2016_1211_1221,0.5,2016,1211,1221
1006,2016_1211_1231,0.5,2016,1211,1231
1007,2016_1211_1233,0.5,2016,1211,1233
1008,2016_1211_1234,0.5,2016,1211,1234
1009,2016_1211_1235,0.5,2016,1211,1235
1010,2016_1211_1242,0.5,2016,1211,1242
1011,2016_1211_1246,0.5,2016,1211,1246
1012,2016_1211_1268,0.5,2016,1211,1268
1013,2016_1211_1274,0.5,2016,1211,1274
1014,2016_1211_1276,0.5,2016,1211,1276
1015,2016_1211_1277,0.5,2016,1211,1277
1016,2016_1211_1292,0.5,2016,1211,1292
1017,2016_1211_1314,0.5,2016,1211,1314
1018,2016_1211_1320,0.5,2016,1211,1320
1019,2016_1211_1323,0.5,2016,1211,1323
1020,2016_1211_1328,0.5,2016,1211,1328
1021,2016_1211_1332,0.5,2016,1211,1332
1022,2016_1211_1333,0.5,2016,1211,1333
1023,2016_1211_1338,0.5,2016,1211,1338
1024,2016_1211_1344,0.5,2016,1211,1344
1025,2016_1211_1345,0.5,2016,1211,1345
1026,2016_1211_1355,0.5,2016,1211,1355
1027,2016_1211_1371,0.5,2016,1211,1371
1028,2016_1211_1372,0.5,2016,1211,1372
1029,2016_1211_1380,0.5,2016,1211,1380
1030,2016_1211_1386,0.5,2016,1211,1386
1031,2016_1211_1392,0.5,2016,1211,1392
1032,2016_1211_1393,0.5,2016,1211,1393
1033,2016_1211_1396,0.5,2016,1211,1396
1034,2016_1211_1400,0.5,2016,1211,1400
1035,2016_1211_1401,0.5,2016,1211,1401
1036,2016_1211_1403,0.5,2016,1211,1403
1037,2016_1211_1409,0.5,2016,1211,1409
1038,2016_1211_1421,0.5,2016,1211,1421
1039,2016_1211_1423,0.5,2016,1211,1423
1040,2016_1211_1425,0.5,2016,1211,1425
1041,2016_1211_1428,0.5,2016,1211,1428
1042,2016_1211_1433,0.5,2016,1211,1433
1043,2016_1211_1435,0.5,2016,1211,1435
1044,2016_1211_1437,0.5,2016,1211,1437
1045,2016_1211_1438,0.5,2016,1211,1438
1046,2016_1211_1451,0.5,2016,1211,1451
1047,2016_1211_1452,0.5,2016,1211,1452
1048,2016_1211_1453,0.5,2016,1211,1453
1049,2016_1211_1455,0.5,2016,1211,1455
1050,2016_1211_1458,0.5,2016,1211,1458
1051,2016_1211_1462,0.5,2016,1211,1462
1052,2016_1211_1463,0.5,2016,1211,1463
1053,2016_1214_1218,0.5,2016,1214,1218
1054,2016_1214_1221,0.5,2016,1214,1221
1055,2016_1214_1231,0.5,2016,1214,1231
1056,2016_1214_1233,0.5,2016,1214,1233
1057,2016_1214_1234,0.5,2016,1214,1234
1058,2016_1214_1235,0.5,2016,1214,1235
1059,2016_1214_1242,0.5,2016,1214,1242
1060,2016_1214_1246,0.5,2016,1214,1246
1061,2016_1214_1268,0.5,2016,1214,1268
1062,2016_1214_1274,0.5,2016,1214,1274
1063,2016_1214_1276,0.5,2016,1214,1276
1064,2016_1214_1277,0.5,2016,1214,1277
1065,2016_1214_1292,0.5,2016,1214,1292
1066,2016_1214_1314,0.5,2016,1214,1314
1067,2016_1214_1320,0.5,2016,1214,1320
1068,2016_1214_1323,0.5,2016,1214,1323
1069,2016_1214_1328,0.5,2016,1214,1328
1070,2016_1214_1332,0.5,2016,1214,1332
1071,2016_1214_1333,0.5,2016,1214,1333
1072,2016_1214_1338,0.5,2016,1214,1338
1073,2016_1214_1344,0.5,2016,1214,1344
1074,2016_1214_1345,0.5,2016,1214,1345
1075,2016_1214_1355,0.5,2016,1214,1355
1076,2016_1214_1371,0.5,2016,1214,1371
1077,2016_1214_1372,0.5,2016,1214,1372
1078,2016_1214_1380,0.5,2016,1214,1380
1079,2016_1214_1386,0.5,2016,1214,1386
1080,2016_1214_1392,0.5,2016,1214,1392
1081,2016_1214_1393,0.5,2016,1214,1393
1082,2016_1214_1396,0.5,2016,1214,1396
1083,2016_1214_1400,0.5,2016,1214,1400
1084,2016_1214_1401,0.5,2016,1214,1401
1085,2016_1214_1403,0.5,2016,1214,1403
1086,2016_1214_1409,0.5,2016,1214,1409
1087,2016_1214_1421,0.5,2016,1214,1421
1088,2016_1214_1423,0.5,2016,1214,1423
1089,2016_1214_1425,0.5,2016,1214,1425
1090,2016_1214_1428,0.5,2016,1214,1428
1091,2016_1214_1433,0.5,2016,1214,1433
1092,2016_1214_1435,0.5,2016,1214,1435
1093,2016_1214_1437,0.5,2016,1214,1437
1094,2016_1214_1438,0.5,2016,1214,1438
1095,2016_1214_1451,0.5,2016,1214,1451
1096,2016_1214_1452,0.5,2016,1214,1452
1097,2016_1214_1453,0.5,2016,1214,1453
1098,2016_1214_1455,0.5,2016,1214,1455
1099,2016_1214_1458,0.5,2016,1214,1458
1100,2016_1214_1462,0.5,2016,1214,1462
1101,2016_1214_1463,0.5,2016,1214,1463
1102,2016_1218_1221,0.5,2016,1218,1221
1103,2016_1218_1231,0.5,2016,1218,1231
1104,2016_1218_1233,0.5,2016,1218,1233
1105,2016_1218_1234,0.5,2016,1218,1234
1106,2016_1218_1235,0.5,2016,1218,1235
1107,2016_1218_1242,0.5,2016,1218,1242
1108,2016_1218_1246,0.5,2016,1218,1246
1109,2016_1218_1268,0.5,2016,1218,1268
1110,2016_1218_1274,0.5,2016,1218,1274
1111,2016_1218_1276,0.5,2016,1218,1276
1112,2016_1218_1277,0.5,2016,1218,1277
1113,2016_1218_1292,0.5,2016,1218,1292
1114,2016_1218_1314,0.5,2016,1218,1314
1115,2016_1218_1320,0.5,2016,1218,1320
1116,2016_1218_1323,0.5,2016,1218,1323
1117,2016_1218_1328,0.5,2016,1218,1328
1118,2016_1218_1332,0.5,2016,1218,1332
1119,2016_1218_1333,0.5,2016,1218,1333
1120,2016_1218_1338,0.5,2016,1218,1338
1121,2016_1218_1344,0.5,2016,1218,1344
1122,2016_1218_1345,0.5,2016,1218,1345
1123,2016_1218_1355,0.5,2016,1218,1355
1124,2016_1218_1371,0.5,2016,1218,1371
1125,2016_1218_1372,0.5,2016,1218,1372
1126,2016_1218_1380,0.5,2016,1218,1380
1127,2016_1218_1386,0.5,2016,1218,1386
1128,2016_1218_1392,0.5,2016,1218,1392
1129,2016_1218_1393,0.5,2016,1218,1393
1130,2016_1218_1396,0.5,2016,1218,1396
1131,2016_1218_1400,0.5,2016,1218,1400
1132,2016_1218_1401,0.5,2016,1218,1401
1133,2016_1218_1403,0.5,2016,1218,1403
1134,2016_1218_1409,0.5,2016,1218,1409
1135,2016_1218_1421,0.5,2016,1218,1421
1136,2016_1218_1423,0.5,2016,1218,1423
1137,2016_1218_1425,0.5,2016,1218,1425
1138,2016_1218_1428,0.5,2016,1218,1428
1139,2016_1218_1433,0.5,2016,1218,1433
1140,2016_1218_1435,0.5,2016,1218,1435
1141,2016_1218_1437,0.5,2016,1218,1437
1142,2016_1218_1438,0.5,2016,1218,1438
1143,2016_1218_1451,0.5,2016,1218,1451
1144,2016_1218_1452,0.5,2016,1218,1452
1145,2016_1218_1453,0.5,2016,1218,1453
1146,2016_1218_1455,0.5,2016,1218,1455
1147,2016_1218_1458,0.5,2016,1218,1458
1148,2016_1218_1462,0.5,2016,1218,1462
1149,2016_1218_1463,0.5,2016,1218,1463
1150,2016_1221_1231,0.5,2016,1221,1231
1151,2016_1221_1233,0.5,2016,1221,1233
1152,2016_1221_1234,0.5,2016,1221,1234
1153,2016_1221_1235,0.5,2016,1221,1235
1154,2016_1221_1242,0.5,2016,1221,1242
1155,2016_1221_1246,0.5,2016,1221,1246
1156,2016_1221_1268,0.5,2016,1221,1268
1157,2016_1221_1274,0.5,2016,1221,1274
1158,2016_1221_1276,0.5,2016,1221,1276
1159,2016_1221_1277,0.5,2016,1221,1277
1160,2016_1221_1292,0.5,2016,1221,1292
1161,2016_1221_1314,0.5,2016,1221,1314
1162,2016_1221_1320,0.5,2016,1221,1320
1163,2016_1221_1323,0.5,2016,1221,1323
1164,2016_1221_1328,0.5,2016,1221,1328
1165,2016_1221_1332,0.5,2016,1221,1332
1166,2016_1221_1333,0.5,2016,1221,1333
1167,2016_1221_1338,0.5,2016,1221,1338
1168,2016_1221_1344,0.5,2016,1221,1344
1169,2016_1221_1345,0.5,2016,1221,1345
1170,2016_1221_1355,0.5,2016,1221,1355
1171,2016_1221_1371,0.5,2016,1221,1371
1172,2016_1221_1372,0.5,2016,1221,1372
1173,2016_1221_1380,0.5,2016,1221,1380
1174,2016_1221_1386,0.5,2016,1221,1386
1175,2016_1221_1392,0.5,2016,1221,1392
1176,2016_1221_1393,0.5,2016,1221,1393
1177,2016_1221_1396,0.5,2016,1221,1396
1178,2016_1221_1400,0.5,2016,1221,1400
1179,2016_1221_1401,0.5,2016,1221,1401
1180,2016_1221_1403,0.5,2016,1221,1403
1181,2016_1221_1409,0.5,2016,1221,1409
1182,2016_1221_1421,0.5,2016,1221,1421
1183,2016_1221_1423,0.5,2016,1221,1423
1184,2016_1221_1425,0.5,2016,1221,1425
1185,2016_1221_1428,0.5,2016,1221,1428
1186,2016_1221_1433,0.5,2016,1221,1433
1187,2016_1221_1435,0.5,2016,1221,1435
1188,2016_1221_1437,0.5,2016,1221,1437
1189,2016_1221_1438,0.5,2016,1221,1438
1190,2016_1221_1451,0.5,2016,1221,1451
1191,2016_1221_1452,0.5,2016,1221,1452
1192,2016_1221_1453,0.5,2016,1221,1453
1193,2016_1221_1455,0.5,2016,1221,1455
1194,2016_1221_1458,0.5,2016,1221,1458
1195,2016_1221_1462,0.5,2016,1221,1462
1196,2016_1221_1463,0.5,2016,1221,1463
1197,2016_1231_1233,0.5,2016,1231,1233
1198,2016_1231_1234,0.5,2016,1231,1234
1199,2016_1231_1235,0.5,2016,1231,1235
1200,2016_1231_1242,0.5,2016,1231,1242
1201,2016_1231_1246,0.5,2016,1231,1246
1202,2016_1231_1268,0.5,2016,1231,1268
1203,2016_1231_1274,0.5,2016,1231,1274
1204,2016_1231_1276,0.5,2016,1231,1276
1205,2016_1231_1277,0.5,2016,1231,1277
1206,2016_1231_1292,0.5,2016,1231,1292
1207,2016_1231_1314,0.5,2016,1231,1314
1208,2016_1231_1320,0.5,2016,1231,1320
1209,2016_1231_1323,0.5,2016,1231,1323
1210,2016_1231_1328,0.5,2016,1231,1328
1211,2016_1231_1332,0.5,2016,1231,1332
1212,2016_1231_1333,0.5,2016,1231,1333
1213,2016_1231_1338,0.5,2016,1231,1338
1214,2016_1231_1344,0.5,2016,1231,1344
1215,2016_1231_1345,0.5,2016,1231,1345
1216,2016_1231_1355,0.5,2016,1231,1355
1217,2016_1231_1371,0.5,2016,1231,1371
1218,2016_1231_1372,0.5,2016,1231,1372
1219,2016_1231_1380,0.5,2016,1231,1380
1220,2016_1231_1386,0.5,2016,1231,1386
1221,2016_1231_1392,0.5,2016,1231,1392
1222,2016_1231_1393,0.5,2016,1231,1393
1223,2016_1231_1396,0.5,2016,1231,1396
1224,2016_1231_1400,0.5,2016,1231,1400
1225,2016_1231_1401,0.5,2016,1231,1401
1226,2016_1231_1403,0.5,2016,1231,1403
1227,2016_1231_1409,0.5,2016,1231,1409
1228,2016_1231_1421,0.5,2016,1231,1421
1229,2016_1231_1423,0.5,2016,1231,1423
1230,2016_1231_1425,0.5,2016,1231,1425
1231,2016_1231_1428,0.5,2016,1231,1428
1232,2016_1231_1433,0.5,2016,1231,1433
1233,2016_1231_1435,0.5,2016,1231,1435
1234,2016_1231_1437,0.5,2016,1231,1437
1235,2016_1231_1438,0.5,2016,1231,1438
1236,2016_1231_1451,0.5,2016,1231,1451
1237,2016_1231_1452,0.5,2016,1231,1452
1238,2016_1231_1453,0.5,2016,1231,1453
1239,2016_1231_1455,0.5,2016,1231,1455
1240,2016_1231_1458,0.5,2016,1231,1458
1241,2016_1231_1462,0.5,2016,1231,1462
1242,2016_1231_1463,0.5,2016,1231,1463
1243,2016_1233_1234,0.5,2016,1233,1234
1244,2016_1233_1235,0.5,2016,1233,1235
1245,2016_1233_1242,0.5,2016,1233,1242
1246,2016_1233_1246,0.5,2016,1233,1246
1247,2016_1233_1268,0.5,2016,1233,1268
1248,2016_1233_1274,0.5,2016,1233,1274
1249,2016_1233_1276,0.5,2016,1233,1276
1250,2016_1233_1277,0.5,2016,1233,1277
1251,2016_1233_1292,0.5,2016,1233,1292
1252,2016_1233_1314,0.5,2016,1233,1314
1253,2016_1233_1320,0.5,2016,1233,1320
1254,2016_1233_1323,0.5,2016,1233,1323
1255,2016_1233_1328,0.5,2016,1233,1328
1256,2016_1233_1332,0.5,2016,1233,1332
1257,2016_1233_1333,0.5,2016,1233,1333
1258,2016_1233_1338,0.5,2016,1233,1338
1259,2016_1233_1344,0.5,2016,1233,1344
1260,2016_1233_1345,0.5,2016,1233,1345
1261,2016_1233_1355,0.5,2016,1233,1355
1262,2016_1233_1371,0.5,2016,1233,1371
1263,2016_1233_1372,0.5,2016,1233,1372
1264,2016_1233_1380,0.5,2016,1233,1380
1265,2016_1233_1386,0.5,2016,1233,1386
1266,2016_1233_1392,0.5,2016,1233,1392
1267,2016_1233_1393,0.5,2016,1233,1393
1268,2016_1233_1396,0.5,2016,1233,1396
1269,2016_1233_1400,0.5,2016,1233,1400
1270,2016_1233_1401,0.5,2016,1233,1401
1271,2016_1233_1403,0.5,2016,1233,1403
1272,2016_1233_1409,0.5,2016,1233,1409
1273,2016_1233_1421,0.5,2016,1233,1421
1274,2016_1233_1423,0.5,2016,1233,1423
1275,2016_1233_1425,0.5,2016,1233,1425
1276,2016_1233_1428,0.5,2016,1233,1428
1277,2016_1233_1433,0.5,2016,1233,1433
1278,2016_1233_1435,0.5,2016,1233,1435
1279,2016_1233_1437,0.5,2016,1233,1437
1280,2016_1233_1438,0.5,2016,1233,1438
1281,2016_1233_1451,0.5,2016,1233,1451
1282,2016_1233_1452,0.5,2016,1233,1452
1283,2016_1233_1453,0.5,2016,1233,1453
1284,2016_1233_1455,0.5,2016,1233,1455
1285,2016_1233_1458,0.5,2016,1233,1458
1286,2016_1233_1462,0.5,2016,1233,1462
1287,2016_1233_1463,0.5,2016,1233,1463
1288,2016_1234_1235,0.5,2016,1234,1235
1289,2016_1234_1242,0.5,2016,1234,1242
1290,2016_1234_1246,0.5,2016,1234,1246
1291,2016_1234_1268,0.5,2016,1234,1268
1292,2016_1234_1274,0.5,2016,1234,1274
1293,2016_1234_1276,0.5,2016,1234,1276
1294,2016_1234_1277,0.5,2016,1234,1277
1295,2016_1234_1292,0.5,2016,1234,1292
1296,2016_1234_1314,0.5,2016,1234,1314
1297,2016_1234_1320,0.5,2016,1234,1320
1298,2016_1234_1323,0.5,2016,1234,1323
1299,2016_1234_1328,0.5,2016,1234,1328
1300,2016_1234_1332,0.5,2016,1234,1332
1301,2016_1234_1333,0.5,2016,1234,1333
1302,2016_1234_1338,0.5,2016,1234,1338
1303,2016_1234_1344,0.5,2016,1234,1344
1304,2016_1234_1345,0.5,2016,1234,1345
1305,2016_1234_1355,0.5,2016,1234,1355
1306,2016_1234_1371,0.5,2016,1234,1371
1307,2016_1234_1372,0.5,2016,1234,1372
1308,2016_1234_1380,0.5,2016,1234,1380
1309,2016_1234_1386,0.5,2016,1234,1386
1310,2016_1234_1392,0.5,2016,1234,1392
1311,2016_1234_1393,0.5,2016,1234,1393
1312,2016_1234_1396,0.5,2016,1234,1396
1313,2016_1234_1400,0.5,2016,1234,1400
1314,2016_1234_1401,0.5,2016,1234,1401
1315,2016_1234_1403,0.5,2016,1234,1403
1316,2016_1234_1409,0.5,2016,1234,1409
1317,2016_1234_1421,0.5,2016,1234,1421
1318,2016_1234_1423,0.5,2016,1234,1423
1319,2016_1234_1425,0.5,2016,1234,1425
1320,2016_1234_1428,0.5,2016,1234,1428
1321,2016_1234_1433,0.5,2016,1234,1433
1322,2016_1234_1435,0.5,2016,1234,1435
1323,2016_1234_1437,0.5,2016,1234,1437
1324,2016_1234_1438,0.5,2016,1234,1438
1325,2016_1234_1451,0.5,2016,1234,1451
1326,2016_1234_1452,0.5,2016,1234,1452
1327,2016_1234_1453,0.5,2016,1234,1453
1328,2016_1234_1455,0.5,2016,1234,1455
1329,2016_1234_1458,0.5,2016,1234,1458
1330,2016_1234_1462,0.5,2016,1234,1462
1331,2016_1234_1463,0.5,2016,1234,1463
1332,2016_1235_1242,0.5,2016,1235,1242
1333,2016_1235_1246,0.5,2016,1235,1246
1334,2016_1235_1268,0.5,2016,1235,1268
1335,2016_1235_1274,0.5,2016,1235,1274
1336,2016_1235_1276,0.5,2016,1235,1276
1337,2016_1235_1277,0.5,2016,1235,1277
1338,2016_1235_1292,0.5,2016,1235,1292
1339,2016_1235_1314,0.5,2016,1235,1314
1340,2016_1235_1320,0.5,2016,1235,1320
1341,2016_1235_1323,0.5,2016,1235,1323
1342,2016_1235_1328,0.5,2016,1235,1328
1343,2016_1235_1332,0.5,2016,1235,1332
1344,2016_1235_1333,0.5,2016,1235,1333
1345,2016_1235_1338,0.5,2016,1235,1338
1346,2016_1235_1344,0.5,2016,1235,1344
1347,2016_1235_1345,0.5,2016,1235,1345
1348,2016_1235_1355,0.5,2016,1235,1355
1349,2016_1235_1371,0.5,2016,1235,1371
1350,2016_1235_1372,0.5,2016,1235,1372
1351,2016_1235_1380,0.5,2016,1235,1380
1352,2016_1235_1386,0.5,2016,1235,1386
1353,2016_1235_1392,0.5,2016,1235,1392
1354,2016_1235_1393,0.5,2016,1235,1393
1355,2016_1235_1396,0.5,2016,1235,1396
1356,2016_1235_1400,0.5,2016,1235,1400
1357,2016_1235_1401,0.5,2016,1235,1401
1358,2016_1235_1403,0.5,2016,1235,1403
1359,2016_1235_1409,0.5,2016,1235,1409
1360,2016_1235_1421,0.5,2016,1235,1421
1361,2016_1235_1423,0.5,2016,1235,1423
1362,2016_1235_1425,0.5,2016,1235,1425
1363,2016_1235_1428,0.5,2016,1235,1428
1364,2016_1235_1433,0.5,2016,1235,1433
1365,2016_1235_1435,0.5,2016,1235,1435
1366,2016_1235_1437,0.5,2016,1235,1437
1367,2016_1235_1438,0.5,2016,1235,1438
1368,2016_1235_1451,0.5,2016,1235,1451
1369,2016_1235_1452,0.5,2016,1235,1452
1370,2016_1235_1453,0.5,2016,1235,1453
1371,2016_1235_1455,0.5,2016,1235,1455
1372,2016_1235_1458,0.5,2016,1235,1458
1373,2016_1235_1462,0.5,2016,1235,1462
1374,2016_1235_1463,0.5,2016,1235,1463
1375,2016_1242_1246,0.5,2016,1242,1246
1376,2016_1242_1268,0.5,2016,1242,1268
1377,2016_1242_1274,0.5,2016,1242,1274
1378,2016_1242_1276,0.5,2016,1242,1276
1379,2016_1242_1277,0.5,2016,1242,1277
1380,2016_1242_1292,0.5,2016,1242,1292
1381,2016_1242_1314,0.5,2016,1242,1314
1382,2016_1242_1320,0.5,2016,1242,1320
1383,2016_1242_1323,0.5,2016,1242,1323
1384,2016_1242_1328,0.5,2016,1242,1328
1385,2016_1242_1332,0.5,2016,1242,1332
1386,2016_1242_1333,0.5,2016,1242,1333
1387,2016_1242_1338,0.5,2016,1242,1338
1388,2016_1242_1344,0.5,2016,1242,1344
1389,2016_1242_1345,0.5,2016,1242,1345
1390,2016_1242_1355,0.5,2016,1242,1355
1391,2016_1242_1371,0.5,2016,1242,1371
1392,2016_1242_1372,0.5,2016,1242,1372
1393,2016_1242_1380,0.5,2016,1242,1380
1394,2016_1242_1386,0.5,2016,1242,1386
1395,2016_1242_1392,0.5,2016,1242,1392
1396,2016_1242_1393,0.5,2016,1242,1393
1397,2016_1242_1396,0.5,2016,1242,1396
1398,2016_1242_1400,0.5,2016,1242,1400
1399,2016_1242_1401,0.5,2016,1242,1401
1400,2016_1242_1403,0.5,2016,1242,1403
1401,2016_1242_1409,0.5,2016,1242,1409
1402,2016_1242_1421,0.5,2016,1242,1421
1403,2016_1242_1423,0.5,2016,1242,1423
1404,2016_1242_1425,0.5,2016,1242,1425
1405,2016_1242_1428,0.5,2016,1242,1428
1406,2016_1242_1433,0.5,2016,1242,1433
1407,2016_1242_1435,0.5,2016,1242,1435
1408,2016_1242_1437,0.5,2016,1242,1437
1409,2016_1242_1438,0.5,2016,1242,1438
1410,2016_1242_1451,0.5,2016,1242,1451
1411,2016_1242_1452,0.5,2016,1242,1452
1412,2016_1242_1453,0.5,2016,1242,1453
1413,2016_1242_1455,0.5,2016,1242,1455
1414,2016_1242_1458,0.5,2016,1242,1458
1415,2016_1242_1462,0.5,2016,1242,1462
1416,2016_1242_1463,0.5,2016,1242,1463
1417,2016_1246_1268,0.5,2016,1246,1268
1418,2016_1246_1274,0.5,2016,1246,1274
1419,2016_1246_1276,0.5,2016,1246,1276
1420,2016_1246_1277,0.5,2016,1246,1277
1421,2016_1246_1292,0.5,2016,1246,1292
1422,2016_1246_1314,0.5,2016,1246,1314
1423,2016_1246_1320,0.5,2016,1246,1320
1424,2016_1246_1323,0.5,2016,1246,1323
1425,2016_1246_1328,0.5,2016,1246,1328
1426,2016_1246_1332,0.5,2016,1246,1332
1427,2016_1246_1333,0.5,2016,1246,1333
1428,2016_1246_1338,0.5,2016,1246,1338
1429,2016_1246_1344,0.5,2016,1246,1344
1430,2016_1246_1345,0.5,2016,1246,1345
1431,2016_1246_1355,0.5,2016,1246,1355
1432,2016_1246_1371,0.5,2016,1246,1371
1433,2016_1246_1372,0.5,2016,1246,1372
1434,2016_1246_1380,0.5,2016,1246,1380
1435,2016_1246_1386,0.5,2016,1246,1386
1436,2016_1246_1392,0.5,2016,1246,1392
1437,2016_1246_1393,0.5,2016,1246,1393
1438,2016_1246_1396,0.5,2016,1246,1396
1439,2016_1246_1400,0.5,2016,1246,1400
1440,2016_1246_1401,0.5,2016,1246,1401
1441,2016_1246_1403,0.5,2016,1246,1403
1442,2016_1246_1409,0.5,2016,1246,1409
1443,2016_1246_1421,0.5,2016,1246,1421
1444,2016_1246_1423,0.5,2016,1246,1423
1445,2016_1246_1425,0.5,2016,1246,1425
1446,2016_1246_1428,0.5,2016,1246,1428
1447,2016_1246_1433,0.5,2016,1246,1433
1448,2016_1246_1435,0.5,2016,1246,1435
1449,2016_1246_1437,0.5,2016,1246,1437
1450,2016_1246_1438,0.5,2016,1246,1438
1451,2016_1246_1451,0.5,2016,1246,1451
1452,2016_1246_1452,0.5,2016,1246,1452
1453,2016_1246_1453,0.5,2016,1246,1453
1454,2016_1246_1455,0.5,2016,1246,1455
1455,2016_1246_1458,0.5,2016,1246,1458
1456,2016_1246_1462,0.5,2016,1246,1462
1457,2016_1246_1463,0.5,2016,1246,1463
1458,2016_1268_1274,0.5,2016,1268,1274
1459,2016_1268_1276,0.5,2016,1268,1276
1460,2016_1268_1277,0.5,2016,1268,1277
1461,2016_1268_1292,0.5,2016,1268,1292
1462,2016_1268_1314,0.5,2016,1268,1314
1463,2016_1268_1320,0.5,2016,1268,1320
1464,2016_1268_1323,0.5,2016,1268,1323
1465,2016_1268_1328,0.5,2016,1268,1328
1466,2016_1268_1332,0.5,2016,1268,1332
1467,2016_1268_1333,0.5,2016,1268,1333
1468,2016_1268_1338,0.5,2016,1268,1338
1469,2016_1268_1344,0.5,2016,1268,1344
1470,2016_1268_1345,0.5,2016,1268,1345
1471,2016_1268_1355,0.5,2016,1268,1355
1472,2016_1268_1371,0.5,2016,1268,1371
1473,2016_1268_1372,0.5,2016,1268,1372
1474,2016_1268_1380,0.5,2016,1268,1380
1475,2016_1268_1386,0.5,2016,1268,1386
1476,2016_1268_1392,0.5,2016,1268,1392
1477,2016_1268_1393,0.5,2016,1268,1393
1478,2016_1268_1396,0.5,2016,1268,1396
1479,2016_1268_1400,0.5,2016,1268,1400
1480,2016_1268_1401,0.5,2016,1268,1401
1481,2016_1268_1403,0.5,2016,1268,1403
1482,2016_1268_1409,0.5,2016,1268,1409
1483,2016_1268_1421,0.5,2016,1268,1421
1484,2016_1268_1423,0.5,2016,1268,1423
1485,2016_1268_1425,0.5,2016,1268,1425
1486,2016_1268_1428,0.5,2016,1268,1428
1487,2016_1268_1433,0.5,2016,1268,1433
1488,2016_1268_1435,0.5,2016,1268,1435
1489,2016_1268_1437,0.5,2016,1268,1437
1490,2016_1268_1438,0.5,2016,1268,1438
1491,2016_1268_1451,0.5,2016,1268,1451
1492,2016_1268_1452,0.5,2016,1268,1452
1493,2016_1268_1453,0.5,2016,1268,1453
1494,2016_1268_1455,0.5,2016,1268,1455
1495,2016_1268_1458,0.5,2016,1268,1458
1496,2016_1268_1462,0.5,2016,1268,1462
1497,2016_1268_1463,0.5,2016,1268,1463
1498,2016_1274_1276,0.5,2016,1274,1276
1499,2016_1274_1277,0.5,2016,1274,1277
1500,2016_1274_1292,0.5,2016,1274,1292
1501,2016_1274_1314,0.5,2016,1274,1314
1502,2016_1274_1320,0.5,2016,1274,1320
1503,2016_1274_1323,0.5,2016,1274,1323
1504,2016_1274_1328,0.5,2016,1274,1328
1505,2016_1274_1332,0.5,2016,1274,1332
1506,2016_1274_1333,0.5,2016,1274,1333
1507,2016_1274_1338,0.5,2016,1274,1338
1508,2016_1274_1344,0.5,2016,1274,1344
1509,2016_1274_1345,0.5,2016,1274,1345
1510,2016_1274_1355,0.5,2016,1274,1355
1511,2016_1274_1371,0.5,2016,1274,1371
1512,2016_1274_1372,0.5,2016,1274,1372
1513,2016_1274_1380,0.5,2016,1274,1380
1514,2016_1274_1386,0.5,2016,1274,1386
1515,2016_1274_1392,0.5,2016,1274,1392
1516,2016_1274_1393,0.5,2016,1274,1393
1517,2016_1274_1396,0.5,2016,1274,1396
1518,2016_1274_1400,0.5,2016,1274,1400
1519,2016_1274_1401,0.5,2016,1274,1401
1520,2016_1274_1403,0.5,2016,1274,1403
1521,2016_1274_1409,0.5,2016,1274,1409
1522,2016_1274_1421,0.5,2016,1274,1421
1523,2016_1274_1423,0.5,2016,1274,1423
1524,2016_1274_1425,0.5,2016,1274,1425
1525,2016_1274_1428,0.5,2016,1274,1428
1526,2016_1274_1433,0.5,2016,1274,1433
1527,2016_1274_1435,0.5,2016,1274,1435
1528,2016_1274_1437,0.5,2016,1274,1437
1529,2016_1274_1438,0.5,2016,1274,1438
1530,2016_1274_1451,0.5,2016,1274,1451
1531,2016_1274_1452,0.5,2016,1274,1452
1532,2016_1274_1453,0.5,2016,1274,1453
1533,2016_1274_1455,0.5,2016,1274,1455
1534,2016_1274_1458,0.5,2016,1274,1458
1535,2016_1274_1462,0.5,2016,1274,1462
1536,2016_1274_1463,0.5,2016,1274,1463
1537,2016_1276_1277,0.5,2016,1276,1277
1538,2016_1276_1292,0.5,2016,1276,1292
1539,2016_1276_1314,0.5,2016,1276,1314
1540,2016_1276_1320,0.5,2016,1276,1320
1541,2016_1276_1323,0.5,2016,1276,1323
1542,2016_1276_1328,0.5,2016,1276,1328
1543,2016_1276_1332,0.5,2016,1276,1332
1544,2016_1276_1333,0.5,2016,1276,1333
1545,2016_1276_1338,0.5,2016,1276,1338
1546,2016_1276_1344,0.5,2016,1276,1344
1547,2016_1276_1345,0.5,2016,1276,1345
1548,2016_1276_1355,0.5,2016,1276,1355
1549,2016_1276_1371,0.5,2016,1276,1371
1550,2016_1276_1372,0.5,2016,1276,1372
1551,2016_1276_1380,0.5,2016,1276,1380
1552,2016_1276_1386,0.5,2016,1276,1386
1553,2016_1276_1392,0.5,2016,1276,1392
1554,2016_1276_1393,0.5,2016,1276,1393
1555,2016_1276_1396,0.5,2016,1276,1396
1556,2016_1276_1400,0.5,2016,1276,1400
1557,2016_1276_1401,0.5,2016,1276,1401
1558,2016_1276_1403,0.5,2016,1276,1403
1559,2016_1276_1409,0.5,2016,1276,1409
1560,2016_1276_1421,0.5,2016,1276,1421
1561,2016_1276_1423,0.5,2016,1276,1423
1562,2016_1276_1425,0.5,2016,1276,1425
1563,2016_1276_1428,0.5,2016,1276,1428
1564,2016_1276_1433,0.5,2016,1276,1433
1565,2016_1276_1435,0.5,2016,1276,1435
1566,2016_1276_1437,0.5,2016,1276,1437
1567,2016_1276_1438,0.5,2016,1276,1438
1568,2016_1276_1451,0.5,2016,1276,1451
1569,2016_1276_1452,0.5,2016,1276,1452
1570,2016_1276_1453,0.5,2016,1276,1453
1571,2016_1276_1455,0.5,2016,1276,1455
1572,2016_1276_1458,0.5,2016,1276,1458
1573,2016_1276_1462,0.5,2016,1276,1462
1574,2016_1276_1463,0.5,2016,1276,1463
1575,2016_1277_1292,0.5,2016,1277,1292
1576,2016_1277_1314,0.5,2016,1277,1314
1577,2016_1277_1320,0.5,2016,1277,1320
1578,2016_1277_1323,0.5,2016,1277,1323
1579,2016_1277_1328,0.5,2016,1277,1328
1580,2016_1277_1332,0.5,2016,1277,1332
1581,2016_1277_1333,0.5,2016,1277,1333
1582,2016_1277_1338,0.5,2016,1277,1338
1583,2016_1277_1344,0.5,2016,1277,1344
1584,2016_1277_1345,0.5,2016,1277,1345
1585,2016_1277_1355,0.5,2016,1277,1355
1586,2016_1277_1371,0.5,2016,1277,1371
1587,2016_1277_1372,0.5,2016,1277,1372
1588,2016_1277_1380,0.5,2016,1277,1380
1589,2016_1277_1386,0.5,2016,1277,1386
1590,2016_1277_1392,0.5,2016,1277,1392
1591,2016_1277_1393,0.5,2016,1277,1393
1592,2016_1277_1396,0.5,2016,1277,1396
1593,2016_1277_1400,0.5,2016,1277,1400
1594,2016_1277_1401,0.5,2016,1277,1401
1595,2016_1277_1403,0.5,2016,1277,1403
1596,2016_1277_1409,0.5,2016,1277,1409
1597,2016_1277_1421,0.5,2016,1277,1421
1598,2016_1277_1423,0.5,2016,1277,1423
1599,2016_1277_1425,0.5,2016,1277,1425
1600,2016_1277_1428,0.5,2016,1277,1428
1601,2016_1277_1433,0.5,2016,1277,1433
1602,2016_1277_1435,0.5,2016,1277,1435
1603,2016_1277_1437,0.5,2016,1277,1437
1604,2016_1277_1438,0.5,2016,1277,1438
1605,2016_1277_1451,0.5,2016,1277,1451
1606,2016_1277_1452,0.5,2016,1277,1452
1607,2016_1277_1453,0.5,2016,1277,1453
1608,2016_1277_1455,0.5,2016,1277,1455
1609,2016_1277_1458,0.5,2016,1277,1458
1610,2016_1277_1462,0.5,2016,1277,1462
1611,2016_1277_1463,0.5,2016,1277,1463
1612,2016_1292_1314,0.5,2016,1292,1314
1613,2016_1292_1320,0.5,2016,1292,1320
1614,2016_1292_1323,0.5,2016,1292,1323
1615,2016_1292_1328,0.5,2016,1292,1328
1616,2016_1292_1332,0.5,2016,1292,1332
1617,2016_1292_1333,0.5,2016,1292,1333
1618,2016_1292_1338,0.5,2016,1292,1338
1619,2016_1292_1344,0.5,2016,1292,1344
1620,2016_1292_1345,0.5,2016,1292,1345
1621,2016_1292_1355,0.5,2016,1292,1355
1622,2016_1292_1371,0.5,2016,1292,1371
1623,2016_1292_1372,0.5,2016,1292,1372
1624,2016_1292_1380,0.5,2016,1292,1380
1625,2016_1292_1386,0.5,2016,1292,1386
1626,2016_1292_1392,0.5,2016,1292,1392
1627,2016_1292_1393,0.5,2016,1292,1393
1628,2016_1292_1396,0.5,2016,1292,1396
1629,2016_1292_1400,0.5,2016,1292,1400
1630,2016_1292_1401,0.5,2016,1292,1401
1631,2016_1292_1403,0.5,2016,1292,1403
1632,2016_1292_1409,0.5,2016,1292,1409
1633,2016_1292_1421,0.5,2016,1292,1421
1634,2016_1292_1423,0.5,2016,1292,1423
1635,2016_1292_1425,0.5,2016,1292,1425
1636,2016_1292_1428,0.5,2016,1292,1428
1637,2016_1292_1433,0.5,2016,1292,1433
1638,2016_1292_1435,0.5,2016,1292,1435
1639,2016_1292_1437,0.5,2016,1292,1437
1640,2016_1292_1438,0.5,2016,1292,1438
1641,2016_1292_1451,0.5,2016,1292,1451
1642,2016_1292_1452,0.5,2016,1292,1452
1643,2016_1292_1453,0.5,2016,1292,1453
1644,2016_1292_1455,0.5,2016,1292,1455
1645,2016_1292_1458,0.5,2016,1292,1458
1646,2016_1292_1462,0.5,2016,1292,1462
1647,2016_1292_1463,0.5,2016,1292,1463
1648,2016_1314_1320,0.5,2016,1314,1320
1649,2016_1314_1323,0.5,2016,1314,1323
1650,2016_1314_1328,0.5,2016,1314,1328
1651,2016_1314_1332,0.5,2016,1314,1332
1652,2016_1314_1333,0.5,2016,1314,1333
1653,2016_1314_1338,0.5,2016,1314,1338
1654,2016_1314_1344,0.5,2016,1314,1344
1655,2016_1314_1345,0.5,2016,1314,1345
1656,2016_1314_1355,0.5,2016,1314,1355
1657,2016_1314_1371,0.5,2016,1314,1371
1658,2016_1314_1372,0.5,2016,1314,1372
1659,2016_1314_1380,0.5,2016,1314,1380
1660,2016_1314_1386,0.5,2016,1314,1386
1661,2016_1314_1392,0.5,2016,1314,1392
1662,2016_1314_1393,0.5,2016,1314,1393
1663,2016_1314_1396,0.5,2016,1314,1396
1664,2016_1314_1400,0.5,2016,1314,1400
1665,2016_1314_1401,0.5,2016,1314,1401
1666,2016_1314_1403,0.5,2016,1314,1403
1667,2016_1314_1409,0.5,2016,1314,1409
1668,2016_1314_1421,0.5,2016,1314,1421
1669,2016_1314_1423,0.5,2016,1314,1423
1670,2016_1314_1425,0.5,2016,1314,1425
1671,2016_1314_1428,0.5,2016,1314,1428
1672,2016_1314_1433,0.5,2016,1314,1433
1673,2016_1314_1435,0.5,2016,1314,1435
1674,2016_1314_1437,0.5,2016,1314,1437
1675,2016_1314_1438,0.5,2016,1314,1438
1676,2016_1314_1451,0.5,2016,1314,1451
1677,2016_1314_1452,0.5,2016,1314,1452
1678,2016_1314_1453,0.5,2016,1314,1453
1679,2016_1314_1455,0.5,2016,1314,1455
1680,2016_1314_1458,0.5,2016,1314,1458
1681,2016_1314_1462,0.5,2016,1314,1462
1682,2016_1314_1463,0.5,2016,1314,1463
1683,2016_1320_1323,0.5,2016,1320,1323
1684,2016_1320_1328,0.5,2016,1320,1328
1685,2016_1320_1332,0.5,2016,1320,1332
1686,2016_1320_1333,0.5,2016,1320,1333
1687,2016_1320_1338,0.5,2016,1320,1338
1688,2016_1320_1344,0.5,2016,1320,1344
1689,2016_1320_1345,0.5,2016,1320,1345
1690,2016_1320_1355,0.5,2016,1320,1355
1691,2016_1320_1371,0.5,2016,1320,1371
1692,2016_1320_1372,0.5,2016,1320,1372
1693,2016_1320_1380,0.5,2016,1320,1380
1694,2016_1320_1386,0.5,2016,1320,1386
1695,2016_1320_1392,0.5,2016,1320,1392
1696,2016_1320_1393,0.5,2016,1320,1393
1697,2016_1320_1396,0.5,2016,1320,1396
1698,2016_1320_1400,0.5,2016,1320,1400
1699,2016_1320_1401,0.5,2016,1320,1401
1700,2016_1320_1403,0.5,2016,1320,1403
1701,2016_1320_1409,0.5,2016,1320,1409
1702,2016_1320_1421,0.5,2016,1320,1421
1703,2016_1320_1423,0.5,2016,1320,1423
1704,2016_1320_1425,0.5,2016,1320,1425
1705,2016_1320_1428,0.5,2016,1320,1428
1706,2016_1320_1433,0.5,2016,1320,1433
1707,2016_1320_1435,0.5,2016,1320,1435
1708,2016_1320_1437,0.5,2016,1320,1437
1709,2016_1320_1438,0.5,2016,1320,1438
1710,2016_1320_1451,0.5,2016,1320,1451
1711,2016_1320_1452,0.5,2016,1320,1452
1712,2016_1320_1453,0.5,2016,1320,1453
1713,2016_1320_1455,0.5,2016,1320,1455
1714,2016_1320_1458,0.5,2016,1320,1458
1715,2016_1320_1462,0.5,2016,1320,1462
1716,2016_1320_1463,0.5,2016,1320,1463
1717,2016_1323_1328,0.5,2016,1323,1328
1718,2016_1323_1332,0.5,2016,1323,1332
1719,2016_1323_1333,0.5,2016,1323,1333
1720,2016_1323_1338,0.5,2016,1323,1338
1721,2016_1323_1344,0.5,2016,1323,1344
1722,2016_1323_1345,0.5,2016,1323,1345
1723,2016_1323_1355,0.5,2016,1323,1355
1724,2016_1323_1371,0.5,2016,1323,1371
1725,2016_1323_1372,0.5,2016,1323,1372
1726,2016_1323_1380,0.5,2016,1323,1380
1727,2016_1323_1386,0.5,2016,1323,1386
1728,2016_1323_1392,0.5,2016,1323,1392
1729,2016_1323_1393,0.5,2016,1323,1393
1730,2016_1323_1396,0.5,2016,1323,1396
1731,2016_1323_1400,0.5,2016,1323,1400
1732,2016_1323_1401,0.5,2016,1323,1401
1733,2016_1323_1403,0.5,2016,1323,1403
1734,2016_1323_1409,0.5,2016,1323,1409
1735,2016_1323_1421,0.5,2016,1323,1421
1736,2016_1323_1423,0.5,2016,1323,1423
1737,2016_1323_1425,0.5,2016,1323,1425
1738,2016_1323_1428,0.5,2016,1323,1428
1739,2016_1323_1433,0.5,2016,1323,1433
1740,2016_1323_1435,0.5,2016,1323,1435
1741,2016_1323_1437,0.5,2016,1323,1437
1742,2016_1323_1438,0.5,2016,1323,1438
1743,2016_1323_1451,0.5,2016,1323,1451
1744,2016_1323_1452,0.5,2016,1323,1452
1745,2016_1323_1453,0.5,2016,1323,1453
1746,2016_1323_1455,0.5,2016,1323,1455
1747,2016_1323_1458,0.5,2016,1323,1458
1748,2016_1323_1462,0.5,2016,1323,1462
1749,2016_1323_1463,0.5,2016,1323,1463
1750,2016_1328_1332,0.5,2016,1328,1332
1751,2016_1328_1333,0.5,2016,1328,1333
1752,2016_1328_1338,0.5,2016,1328,1338
1753,2016_1328_1344,0.5,2016,1328,1344
1754,2016_1328_1345,0.5,2016,1328,1345
1755,2016_1328_1355,0.5,2016,1328,1355
1756,2016_1328_1371,0.5,2016,1328,1371
1757,2016_1328_1372,0.5,2016,1328,1372
1758,2016_1328_1380,0.5,2016,1328,1380
1759,2016_1328_1386,0.5,2016,1328,1386
1760,2016_1328_1392,0.5,2016,1328,1392
1761,2016_1328_1393,0.5,2016,1328,1393
1762,2016_1328_1396,0.5,2016,1328,1396
1763,2016_1328_1400,0.5,2016,1328,1400
1764,2016_1328_1401,0.5,2016,1328,1401
1765,2016_1328_1403,0.5,2016,1328,1403
1766,2016_1328_1409,0.5,2016,1328,1409
1767,2016_1328_1421,0.5,2016,1328,1421
1768,2016_1328_1423,0.5,2016,1328,1423
1769,2016_1328_1425,0.5,2016,1328,1425
1770,2016_1328_1428,0.5,2016,1328,1428
1771,2016_1328_1433,0.5,2016,1328,1433
1772,2016_1328_1435,0.5,2016,1328,1435
1773,2016_1328_1437,0.5,2016,1328,1437
1774,2016_1328_1438,0.5,2016,1328,1438
1775,2016_1328_1451,0.5,2016,1328,1451
1776,2016_1328_1452,0.5,2016,1328,1452
1777,2016_1328_1453,0.5,2016,1328,1453
1778,2016_1328_1455,0.5,2016,1328,1455
1779,2016_1328_1458,0.5,2016,1328,1458
1780,2016_1328_1462,0.5,2016,1328,1462
1781,2016_1328_1463,0.5,2016,1328,1463
1782,2016_1332_1333,0.5,2016,1332,1333
1783,2016_1332_1338,0.5,2016,1332,1338
1784,2016_1332_1344,0.5,2016,1332,1344
1785,2016_1332_1345,0.5,2016,1332,1345
1786,2016_1332_1355,0.5,2016,1332,1355
1787,2016_1332_1371,0.5,2016,1332,1371
1788,2016_1332_1372,0.5,2016,1332,1372
1789,2016_1332_1380,0.5,2016,1332,1380
1790,2016_1332_1386,0.5,2016,1332,1386
1791,2016_1332_1392,0.5,2016,1332,1392
1792,2016_1332_1393,0.5,2016,1332,1393
1793,2016_1332_1396,0.5,2016,1332,1396
1794,2016_1332_1400,0.5,2016,1332,1400
1795,2016_1332_1401,0.5,2016,1332,1401
1796,2016_1332_1403,0.5,2016,1332,1403
1797,2016_1332_1409,0.5,2016,1332,1409
1798,2016_1332_1421,0.5,2016,1332,1421
1799,2016_1332_1423,0.5,2016,1332,1423
1800,2016_1332_1425,0.5,2016,1332,1425
1801,2016_1332_1428,0.5,2016,1332,1428
1802,2016_1332_1433,0.5,2016,1332,1433
1803,2016_1332_1435,0.5,2016,1332,1435
1804,2016_1332_1437,0.5,2016,1332,1437
1805,2016_1332_1438,0.5,2016,1332,1438
1806,2016_1332_1451,0.5,2016,1332,1451
1807,2016_1332_1452,0.5,2016,1332,1452
1808,2016_1332_1453,0.5,2016,1332,1453
1809,2016_1332_1455,0.5,2016,1332,1455
1810,2016_1332_1458,0.5,2016,1332,1458
1811,2016_1332_1462,0.5,2016,1332,1462
1812,2016_1332_1463,0.5,2016,1332,1463
1813,2016_1333_1338,0.5,2016,1333,1338
1814,2016_1333_1344,0.5,2016,1333,1344
1815,2016_1333_1345,0.5,2016,1333,1345
1816,2016_1333_1355,0.5,2016,1333,1355
1817,2016_1333_1371,0.5,2016,1333,1371
1818,2016_1333_1372,0.5,2016,1333,1372
1819,2016_1333_1380,0.5,2016,1333,1380
1820,2016_1333_1386,0.5,2016,1333,1386
1821,2016_1333_1392,0.5,2016,1333,1392
1822,2016_1333_1393,0.5,2016,1333,1393
1823,2016_1333_1396,0.5,2016,1333,1396
1824,2016_1333_1400,0.5,2016,1333,1400
1825,2016_1333_1401,0.5,2016,1333,1401
1826,2016_1333_1403,0.5,2016,1333,1403
1827,2016_1333_1409,0.5,2016,1333,1409
1828,2016_1333_1421,0.5,2016,1333,1421
1829,2016_1333_1423,0.5,2016,1333,1423
1830,2016_1333_1425,0.5,2016,1333,1425
1831,2016_1333_1428,0.5,2016,1333,1428
1832,2016_1333_1433,0.5,2016,1333,1433
1833,2016_1333_1435,0.5,2016,1333,1435
1834,2016_1333_1437,0.5,2016,1333,1437
1835,2016_1333_1438,0.5,2016,1333,1438
1836,2016_1333_1451,0.5,2016,1333,1451
1837,2016_1333_1452,0.5,2016,1333,1452
1838,2016_1333_1453,0.5,2016,1333,1453
1839,2016_1333_1455,0.5,2016,1333,1455
1840,2016_1333_1458,0.5,2016,1333,1458
1841,2016_1333_1462,0.5,2016,1333,1462
1842,2016_1333_1463,0.5,2016,1333,1463
1843,2016_1338_1344,0.5,2016,1338,1344
1844,2016_1338_1345,0.5,2016,1338,1345
1845,2016_1338_1355,0.5,2016,1338,1355
1846,2016_1338_1371,0.5,2016,1338,1371
1847,2016_1338_1372,0.5,2016,1338,1372
1848,2016_1338_1380,0.5,2016,1338,1380
1849,2016_1338_1386,0.5,2016,1338,1386
1850,2016_1338_1392,0.5,2016,1338,1392
1851,2016_1338_1393,0.5,2016,1338,1393
1852,2016_1338_1396,0.5,2016,1338,1396
1853,2016_1338_1400,0.5,2016,1338,1400
1854,2016_1338_1401,0.5,2016,1338,1401
1855,2016_1338_1403,0.5,2016,1338,1403
1856,2016_1338_1409,0.5,2016,1338,1409
1857,2016_1338_1421,0.5,2016,1338,1421
1858,2016_1338_1423,0.5,2016,1338,1423
1859,2016_1338_1425,0.5,2016,1338,1425
1860,2016_1338_1428,0.5,2016,1338,1428
1861,2016_1338_1433,0.5,2016,1338,1433
1862,2016_1338_1435,0.5,2016,1338,1435
1863,2016_1338_1437,0.5,2016,1338,1437
1864,2016_1338_1438,0.5,2016,1338,1438
1865,2016_1338_1451,0.5,2016,1338,1451
1866,2016_1338_1452,0.5,2016,1338,1452
1867,2016_1338_1453,0.5,2016,1338,1453
1868,2016_1338_1455,0.5,2016,1338,1455
1869,2016_1338_1458,0.5,2016,1338,1458
1870,2016_1338_1462,0.5,2016,1338,1462
1871,2016_1338_1463,0.5,2016,1338,1463
1872,2016_1344_1345,0.5,2016,1344,1345
1873,2016_1344_1355,0.5,2016,1344,1355
1874,2016_1344_1371,0.5,2016,1344,1371
1875,2016_1344_1372,0.5,2016,1344,1372
1876,2016_1344_1380,0.5,2016,1344,1380
1877,2016_1344_1386,0.5,2016,1344,1386
1878,2016_1344_1392,0.5,2016,1344,1392
1879,2016_1344_1393,0.5,2016,1344,1393
1880,2016_1344_1396,0.5,2016,1344,1396
1881,2016_1344_1400,0.5,2016,1344,1400
1882,2016_1344_1401,0.5,2016,1344,1401
1883,2016_1344_1403,0.5,2016,1344,1403
1884,2016_1344_1409,0.5,2016,1344,1409
1885,2016_1344_1421,0.5,2016,1344,1421
1886,2016_1344_1423,0.5,2016,1344,1423
1887,2016_1344_1425,0.5,2016,1344,1425
1888,2016_1344_1428,0.5,2016,1344,1428
1889,2016_1344_1433,0.5,2016,1344,1433
1890,2016_1344_1435,0.5,2016,1344,1435
1891,2016_1344_1437,0.5,2016,1344,1437
1892,2016_1344_1438,0.5,2016,1344,1438
1893,2016_1344_1451,0.5,2016,1344,1451
1894,2016_1344_1452,0.5,2016,1344,1452
1895,2016_1344_1453,0.5,2016,1344,1453
1896,2016_1344_1455,0.5,2016,1344,1455
1897,2016_1344_1458,0.5,2016,1344,1458
1898,2016_1344_1462,0.5,2016,1344,1462
1899,2016_1344_1463,0.5,2016,1344,1463
1900,2016_1345_1355,0.5,2016,1345,1355
1901,2016_1345_1371,0.5,2016,1345,1371
1902,2016_1345_1372,0.5,2016,1345,1372
1903,2016_1345_1380,0.5,2016,1345,1380
1904,2016_1345_1386,0.5,2016,1345,1386
1905,2016_1345_1392,0.5,2016,1345,1392
1906,2016_1345_1393,0.5,2016,1345,1393
1907,2016_1345_1396,0.5,2016,1345,1396
1908,2016_1345_1400,0.5,2016,1345,1400
1909,2016_1345_1401,0.5,2016,1345,1401
1910,2016_1345_1403,0.5,2016,1345,1403
1911,2016_1345_1409,0.5,2016,1345,1409
1912,2016_1345_1421,0.5,2016,1345,1421
1913,2016_1345_1423,0.5,2016,1345,1423
1914,2016_1345_1425,0.5,2016,1345,1425
1915,2016_1345_1428,0.5,2016,1345,1428
1916,2016_1345_1433,0.5,2016,1345,1433
1917,2016_1345_1435,0.5,2016,1345,1435
1918,2016_1345_1437,0.5,2016,1345,1437
1919,2016_1345_1438,0.5,2016,1345,1438
1920,2016_1345_1451,0.5,2016,1345,1451
1921,2016_1345_1452,0.5,2016,1345,1452
1922,2016_1345_1453,0.5,2016,1345,1453
1923,2016_1345_1455,0.5,2016,1345,1455
1924,2016_1345_1458,0.5,2016,1345,1458
1925,2016_1345_1462,0.5,2016,1345,1462
1926,2016_1345_1463,0.5,2016,1345,1463
1927,2016_1355_1371,0.5,2016,1355,1371
1928,2016_1355_1372,0.5,2016,1355,1372
1929,2016_1355_1380,0.5,2016,1355,1380
1930,2016_1355_1386,0.5,2016,1355,1386
1931,2016_1355_1392,0.5,2016,1355,1392
1932,2016_1355_1393,0.5,2016,1355,1393
1933,2016_1355_1396,0.5,2016,1355,1396
1934,2016_1355_1400,0.5,2016,1355,1400
1935,2016_1355_1401,0.5,2016,1355,1401
1936,2016_1355_1403,0.5,2016,1355,1403
1937,2016_1355_1409,0.5,2016,1355,1409
1938,2016_1355_1421,0.5,2016,1355,1421
1939,2016_1355_1423,0.5,2016,1355,1423
1940,2016_1355_1425,0.5,2016,1355,1425
1941,2016_1355_1428,0.5,2016,1355,1428
1942,2016_1355_1433,0.5,2016,1355,1433
1943,2016_1355_1435,0.5,2016,1355,1435
1944,2016_1355_1437,0.5,2016,1355,1437
1945,2016_1355_1438,0.5,2016,1355,1438
1946,2016_1355_1451,0.5,2016,1355,1451
1947,2016_1355_1452,0.5,2016,1355,1452
1948,2016_1355_1453,0.5,2016,1355,1453
1949,2016_1355_1455,0.5,2016,1355,1455
1950,2016_1355_1458,0.5,2016,1355,1458
1951,2016_1355_1462,0.5,2016,1355,1462
1952,2016_1355_1463,0.5,2016,1355,1463
1953,2016_1371_1372,0.5,2016,1371,1372
1954,2016_1371_1380,0.5,2016,1371,1380
1955,2016_1371_1386,0.5,2016,1371,1386
1956,2016_1371_1392,0.5,2016,1371,1392
1957,2016_1371_1393,0.5,2016,1371,1393
1958,2016_1371_1396,0.5,2016,1371,1396
1959,2016_1371_1400,0.5,2016,1371,1400
1960,2016_1371_1401,0.5,2016,1371,1401
1961,2016_1371_1403,0.5,2016,1371,1403
1962,2016_1371_1409,0.5,2016,1371,1409
1963,2016_1371_1421,0.5,2016,1371,1421
1964,2016_1371_1423,0.5,2016,1371,1423
1965,2016_1371_1425,0.5,2016,1371,1425
1966,2016_1371_1428,0.5,2016,1371,1428
1967,2016_1371_1433,0.5,2016,1371,1433
1968,2016_1371_1435,0.5,2016,1371,1435
1969,2016_1371_1437,0.5,2016,1371,1437
1970,2016_1371_1438,0.5,2016,1371,1438
1971,2016_1371_1451,0.5,2016,1371,1451
1972,2016_1371_1452,0.5,2016,1371,1452
1973,2016_1371_1453,0.5,2016,1371,1453
1974,2016_1371_1455,0.5,2016,1371,1455
1975,2016_1371_1458,0.5,2016,1371,1458
1976,2016_1371_1462,0.5,2016,1371,1462
1977,2016_1371_1463,0.5,2016,1371,1463
1978,2016_1372_1380,0.5,2016,1372,1380
1979,2016_1372_1386,0.5,2016,1372,1386
1980,2016_1372_1392,0.5,2016,1372,1392
1981,2016_1372_1393,0.5,2016,1372,1393
1982,2016_1372_1396,0.5,2016,1372,1396
1983,2016_1372_1400,0.5,2016,1372,1400
1984,2016_1372_1401,0.5,2016,1372,1401
1985,2016_1372_1403,0.5,2016,1372,1403
1986,2016_1372_1409,0.5,2016,1372,1409
1987,2016_1372_1421,0.5,2016,1372,1421
1988,2016_1372_1423,0.5,2016,1372,1423
1989,2016_1372_1425,0.5,2016,1372,1425
1990,2016_1372_1428,0.5,2016,1372,1428
1991,2016_1372_1433,0.5,2016,1372,1433
1992,2016_1372_1435,0.5,2016,1372,1435
1993,2016_1372_1437,0.5,2016,1372,1437
1994,2016_1372_1438,0.5,2016,1372,1438
1995,2016_1372_1451,0.5,2016,1372,1451
1996,2016_1372_1452,0.5,2016,1372,1452
1997,2016_1372_1453,0.5,2016,1372,1453
1998,2016_1372_1455,0.5,2016,1372,1455
1999,2016_1372_1458,0.5,2016,1372,1458
2000,2016_1372_1462,0.5,2016,1372,1462
2001,2016_1372_1463,0.5,2016,1372,1463
2002,2016_1380_1386,0.5,2016,1380,1386
2003,2016_1380_1392,0.5,2016,1380,1392
2004,2016_1380_1393,0.5,2016,1380,1393
2005,2016_1380_1396,0.5,2016,1380,1396
2006,2016_1380_1400,0.5,2016,1380,1400
2007,2016_1380_1401,0.5,2016,1380,1401
2008,2016_1380_1403,0.5,2016,1380,1403
2009,2016_1380_1409,0.5,2016,1380,1409
2010,2016_1380_1421,0.5,2016,1380,1421
2011,2016_1380_1423,0.5,2016,1380,1423
2012,2016_1380_1425,0.5,2016,1380,1425
2013,2016_1380_1428,0.5,2016,1380,1428
2014,2016_1380_1433,0.5,2016,1380,1433
2015,2016_1380_1435,0.5,2016,1380,1435
2016,2016_1380_1437,0.5,2016,1380,1437
2017,2016_1380_1438,0.5,2016,1380,1438
2018,2016_1380_1451,0.5,2016,1380,1451
2019,2016_1380_1452,0.5,2016,1380,1452
2020,2016_1380_1453,0.5,2016,1380,1453
2021,2016_1380_1455,0.5,2016,1380,1455
2022,2016_1380_1458,0.5,2016,1380,1458
2023,2016_1380_1462,0.5,2016,1380,1462
2024,2016_1380_1463,0.5,2016,1380,1463
2025,2016_1386_1392,0.5,2016,1386,1392
2026,2016_1386_1393,0.5,2016,1386,1393
2027,2016_1386_1396,0.5,2016,1386,1396
2028,2016_1386_1400,0.5,2016,1386,1400
2029,2016_1386_1401,0.5,2016,1386,1401
2030,2016_1386_1403,0.5,2016,1386,1403
2031,2016_1386_1409,0.5,2016,1386,1409
2032,2016_1386_1421,0.5,2016,1386,1421
2033,2016_1386_1423,0.5,2016,1386,1423
2034,2016_1386_1425,0.5,2016,1386,1425
2035,2016_1386_1428,0.5,2016,1386,1428
2036,2016_1386_1433,0.5,2016,1386,1433
2037,2016_1386_1435,0.5,2016,1386,1435
2038,2016_1386_1437,0.5,2016,1386,1437
2039,2016_1386_1438,0.5,2016,1386,1438
2040,2016_1386_1451,0.5,2016,1386,1451
2041,2016_1386_1452,0.5,2016,1386,1452
2042,2016_1386_1453,0.5,2016,1386,1453
2043,2016_1386_1455,0.5,2016,1386,1455
2044,2016_1386_1458,0.5,2016,1386,1458
2045,2016_1386_1462,0.5,2016,1386,1462
2046,2016_1386_1463,0.5,2016,1386,1463
2047,2016_1392_1393,0.5,2016,1392,1393
2048,2016_1392_1396,0.5,2016,1392,1396
2049,2016_1392_1400,0.5,2016,1392,1400
2050,2016_1392_1401,0.5,2016,1392,1401
2051,2016_1392_1403,0.5,2016,1392,1403
2052,2016_1392_1409,0.5,2016,1392,1409
2053,2016_1392_1421,0.5,2016,1392,1421
2054,2016_1392_1423,0.5,2016,1392,1423
2055,2016_1392_1425,0.5,2016,1392,1425
2056,2016_1392_1428,0.5,2016,1392,1428
2057,2016_1392_1433,0.5,2016,1392,1433
2058,2016_1392_1435,0.5,2016,1392,1435
2059,2016_1392_1437,0.5,2016,1392,1437
2060,2016_1392_1438,0.5,2016,1392,1438
2061,2016_1392_1451,0.5,2016,1392,1451
2062,2016_1392_1452,0.5,2016,1392,1452
2063,2016_1392_1453,0.5,2016,1392,1453
2064,2016_1392_1455,0.5,2016,1392,1455
2065,2016_1392_1458,0.5,2016,1392,1458
2066,2016_1392_1462,0.5,2016,1392,1462
2067,2016_1392_1463,0.5,2016,1392,1463
2068,2016_1393_1396,0.5,2016,1393,1396
2069,2016_1393_1400,0.5,2016,1393,1400
2070,2016_1393_1401,0.5,2016,1393,1401
2071,2016_1393_1403,0.5,2016,1393,1403
2072,2016_1393_1409,0.5,2016,1393,1409
2073,2016_1393_1421,0.5,2016,1393,1421
2074,2016_1393_1423,0.5,2016,1393,1423
2075,2016_1393_1425,0.5,2016,1393,1425
2076,2016_1393_1428,0.5,2016,1393,1428
2077,2016_1393_1433,0.5,2016,1393,1433
2078,2016_1393_1435,0.5,2016,1393,1435
2079,2016_1393_1437,0.5,2016,1393,1437
2080,2016_1393_1438,0.5,2016,1393,1438
2081,2016_1393_1451,0.5,2016,1393,1451
2082,2016_1393_1452,0.5,2016,1393,1452
2083,2016_1393_1453,0.5,2016,1393,1453
2084,2016_1393_1455,0.5,2016,1393,1455
2085,2016_1393_1458,0.5,2016,1393,1458
2086,2016_1393_1462,0.5,2016,1393,1462
2087,2016_1393_1463,0.5,2016,1393,1463
2088,2016_1396_1400,0.5,2016,1396,1400
2089,2016_1396_1401,0.5,2016,1396,1401
2090,2016_1396_1403,0.5,2016,1396,1403
2091,2016_1396_1409,0.5,2016,1396,1409
2092,2016_1396_1421,0.5,2016,1396,1421
2093,2016_1396_1423,0.5,2016,1396,1423
2094,2016_1396_1425,0.5,2016,1396,1425
2095,2016_1396_1428,0.5,2016,1396,1428
2096,2016_1396_1433,0.5,2016,1396,1433
2097,2016_1396_1435,0.5,2016,1396,1435
2098,2016_1396_1437,0.5,2016,1396,1437
2099,2016_1396_1438,0.5,2016,1396,1438
2100,2016_1396_1451,0.5,2016,1396,1451
2101,2016_1396_1452,0.5,2016,1396,1452
2102,2016_1396_1453,0.5,2016,1396,1453
2103,2016_1396_1455,0.5,2016,1396,1455
2104,2016_1396_1458,0.5,2016,1396,1458
2105,2016_1396_1462,0.5,2016,1396,1462
2106,2016_1396_1463,0.5,2016,1396,1463
2107,2016_1400_1401,0.5,2016,1400,1401
2108,2016_1400_1403,0.5,2016,1400,1403
2109,2016_1400_1409,0.5,2016,1400,1409
2110,2016_1400_1421,0.5,2016,1400,1421
2111,2016_1400_1423,0.5,2016,1400,1423
2112,2016_1400_1425,0.5,2016,1400,1425
2113,2016_1400_1428,0.5,2016,1400,1428
2114,2016_1400_1433,0.5,2016,1400,1433
2115,2016_1400_1435,0.5,2016,1400,1435
2116,2016_1400_1437,0.5,2016,1400,1437
2117,2016_1400_1438,0.5,2016,1400,1438
2118,2016_1400_1451,0.5,2016,1400,1451
2119,2016_1400_1452,0.5,2016,1400,1452
2120,2016_1400_1453,0.5,2016,1400,1453
2121,2016_1400_1455,0.5,2016,1400,1455
2122,2016_1400_1458,0.5,2016,1400,1458
2123,2016_1400_1462,0.5,2016,1400,1462
2124,2016_1400_1463,0.5,2016,1400,1463
2125,2016_1401_1403,0.5,2016,1401,1403
2126,2016_1401_1409,0.5,2016,1401,1409
2127,2016_1401_1421,0.5,2016,1401,1421
2128,2016_1401_1423,0.5,2016,1401,1423
2129,2016_1401_1425,0.5,2016,1401,1425
2130,2016_1401_1428,0.5,2016,1401,1428
2131,2016_1401_1433,0.5,2016,1401,1433
2132,2016_1401_1435,0.5,2016,1401,1435
2133,2016_1401_1437,0.5,2016,1401,1437
2134,2016_1401_1438,0.5,2016,1401,1438
2135,2016_1401_1451,0.5,2016,1401,1451
2136,2016_1401_1452,0.5,2016,1401,1452
2137,2016_1401_1453,0.5,2016,1401,1453
2138,2016_1401_1455,0.5,2016,1401,1455
2139,2016_1401_1458,0.5,2016,1401,1458
2140,2016_1401_1462,0.5,2016,1401,1462
2141,2016_1401_1463,0.5,2016,1401,1463
2142,2016_1403_1409,0.5,2016,1403,1409
2143,2016_1403_1421,0.5,2016,1403,1421
2144,2016_1403_1423,0.5,2016,1403,1423
2145,2016_1403_1425,0.5,2016,1403,1425
2146,2016_1403_1428,0.5,2016,1403,1428
2147,2016_1403_1433,0.5,2016,1403,1433
2148,2016_1403_1435,0.5,2016,1403,1435
2149,2016_1403_1437,0.5,2016,1403,1437
2150,2016_1403_1438,0.5,2016,1403,1438
2151,2016_1403_1451,0.5,2016,1403,1451
2152,2016_1403_1452,0.5,2016,1403,1452
2153,2016_1403_1453,0.5,2016,1403,1453
2154,2016_1403_1455,0.5,2016,1403,1455
2155,2016_1403_1458,0.5,2016,1403,1458
2156,2016_1403_1462,0.5,2016,1403,1462
2157,2016_1403_1463,0.5,2016,1403,1463
2158,2016_1409_1421,0.5,2016,1409,1421
2159,2016_1409_1423,0.5,2016,1409,1423
2160,2016_1409_1425,0.5,2016,1409,1425
2161,2016_1409_1428,0.5,2016,1409,1428
2162,2016_1409_1433,0.5,2016,1409,1433
2163,2016_1409_1435,0.5,2016,1409,1435
2164,2016_1409_1437,0.5,2016,1409,1437
2165,2016_1409_1438,0.5,2016,1409,1438
2166,2016_1409_1451,0.5,2016,1409,1451
2167,2016_1409_1452,0.5,2016,1409,1452
2168,2016_1409_1453,0.5,2016,1409,1453
2169,2016_1409_1455,0.5,2016,1409,1455
2170,2016_1409_1458,0.5,2016,1409,1458
2171,2016_1409_1462,0.5,2016,1409,1462
2172,2016_1409_1463,0.5,2016,1409,1463
2173,2016_1421_1423,0.5,2016,1421,1423
2174,2016_1421_1425,0.5,2016,1421,1425
2175,2016_1421_1428,0.5,2016,1421,1428
2176,2016_1421_1433,0.5,2016,1421,1433
2177,2016_1421_1435,0.5,2016,1421,1435
2178,2016_1421_1437,0.5,2016,1421,1437
2179,2016_1421_1438,0.5,2016,1421,1438
2180,2016_1421_1451,0.5,2016,1421,1451
2181,2016_1421_1452,0.5,2016,1421,1452
2182,2016_1421_1453,0.5,2016,1421,1453
2183,2016_1421_1455,0.5,2016,1421,1455
2184,2016_1421_1458,0.5,2016,1421,1458
2185,2016_1421_1462,0.5,2016,1421,1462
2186,2016_1421_1463,0.5,2016,1421,1463
2187,2016_1423_1425,0.5,2016,1423,1425
2188,2016_1423_1428,0.5,2016,1423,1428
2189,2016_1423_1433,0.5,2016,1423,1433
2190,2016_1423_1435,0.5,2016,1423,1435
2191,2016_1423_1437,0.5,2016,1423,1437
2192,2016_1423_1438,0.5,2016,1423,1438
2193,2016_1423_1451,0.5,2016,1423,1451
2194,2016_1423_1452,0.5,2016,1423,1452
2195,2016_1423_1453,0.5,2016,1423,1453
2196,2016_1423_1455,0.5,2016,1423,1455
2197,2016_1423_1458,0.5,2016,1423,1458
2198,2016_1423_1462,0.5,2016,1423,1462
2199,2016_1423_1463,0.5,2016,1423,1463
2200,2016_1425_1428,0.5,2016,1425,1428
2201,2016_1425_1433,0.5,2016,1425,1433
2202,2016_1425_1435,0.5,2016,1425,1435
2203,2016_1425_1437,0.5,2016,1425,1437
2204,2016_1425_1438,0.5,2016,1425,1438
2205,2016_1425_1451,0.5,2016,1425,1451
2206,2016_1425_1452,0.5,2016,1425,1452
2207,2016_1425_1453,0.5,2016,1425,1453
2208,2016_1425_1455,0.5,2016,1425,1455
2209,2016_1425_1458,0.5,2016,1425,1458
2210,2016_1425_1462,0.5,2016,1425,1462
2211,2016_1425_1463,0.5,2016,1425,1463
2212,2016_1428_1433,0.5,2016,1428,1433
2213,2016_1428_1435,0.5,2016,1428,1435
2214,2016_1428_1437,0.5,2016,1428,1437
2215,2016_1428_1438,0.5,2016,1428,1438
2216,2016_1428_1451,0.5,2016,1428,1451
2217,2016_1428_1452,0.5,2016,1428,1452
2218,2016_1428_1453,0.5,2016,1428,1453
2219,2016_1428_1455,0.5,2016,1428,1455
2220,2016_1428_1458,0.5,2016,1428,1458
2221,2016_1428_1462,0.5,2016,1428,1462
2222,2016_1428_1463,0.5,2016,1428,1463
2223,2016_1433_1435,0.5,2016,1433,1435
2224,2016_1433_1437,0.5,2016,1433,1437
2225,2016_1433_1438,0.5,2016,1433,1438
2226,2016_1433_1451,0.5,2016,1433,1451
2227,2016_1433_1452,0.5,2016,1433,1452
2228,2016_1433_1453,0.5,2016,1433,1453
2229,2016_1433_1455,0.5,2016,1433,1455
2230,2016_1433_1458,0.5,2016,1433,1458
2231,2016_1433_1462,0.5,2016,1433,1462
2232,2016_1433_1463,0.5,2016,1433,1463
2233,2016_1435_1437,0.5,2016,1435,1437
2234,2016_1435_1438,0.5,2016,1435,1438
2235,2016_1435_1451,0.5,2016,1435,1451
2236,2016_1435_1452,0.5,2016,1435,1452
2237,2016_1435_1453,0.5,2016,1435,1453
2238,2016_1435_1455,0.5,2016,1435,1455
2239,2016_1435_1458,0.5,2016,1435,1458
2240,2016_1435_1462,0.5,2016,1435,1462
2241,2016_1435_1463,0.5,2016,1435,1463
2242,2016_1437_1438,0.5,2016,1437,1438
2243,2016_1437_1451,0.5,2016,1437,1451
2244,2016_1437_1452,0.5,2016,1437,1452
2245,2016_1437_1453,0.5,2016,1437,1453
2246,2016_1437_1455,0.5,2016,1437,1455
2247,2016_1437_1458,0.5,2016,1437,1458
2248,2016_1437_1462,0.5,2016,1437,1462
2249,2016_1437_1463,0.5,2016,1437,1463
2250,2016_1438_1451,0.5,2016,1438,1451
2251,2016_1438_1452,0.5,2016,1438,1452
2252,2016_1438_1453,0.5,2016,1438,1453
2253,2016_1438_1455,0.5,2016,1438,1455
2254,2016_1438_1458,0.5,2016,1438,1458
2255,2016_1438_1462,0.5,2016,1438,1462
2256,2016_1438_1463,0.5,2016,1438,1463
2257,2016_1451_1452,0.5,2016,1451,1452
2258,2016_1451_1453,0.5,2016,1451,1453
2259,2016_1451_1455,0.5,2016,1451,1455
2260,2016_1451_1458,0.5,2016,1451,1458
2261,2016_1451_1462,0.5,2016,1451,1462
2262,2016_1451_1463,0.5,2016,1451,1463
2263,2016_1452_1453,0.5,2016,1452,1453
2264,2016_1452_1455,0.5,2016,1452,1455
2265,2016_1452_1458,0.5,2016,1452,1458
2266,2016_1452_1462,0.5,2016,1452,1462
2267,2016_1452_1463,0.5,2016,1452,1463
2268,2016_1453_1455,0.5,2016,1453,1455
2269,2016_1453_1458,0.5,2016,1453,1458
2270,2016_1453_1462,0.5,2016,1453,1462
2271,2016_1453_1463,0.5,2016,1453,1463
2272,2016_1455_1458,0.5,2016,1455,1458
2273,2016_1455_1462,0.5,2016,1455,1462
2274,2016_1455_1463,0.5,2016,1455,1463
2275,2016_1458_1462,0.5,2016,1458,1462
2276,2016_1458_1463,0.5,2016,1458,1463
2277,2016_1462_1463,0.5,2016,1462,1463
