Id,Pred
2016_1112_1114,0.773669626687
2016_1112_1122,0.988198005565
2016_1112_1124,0.51798275043
2016_1112_1138,0.937641155341
2016_1112_1139,0.646412136169
2016_1112_1143,0.622726522374
2016_1112_1151,0.853081197599
2016_1112_1153,0.627587262377
2016_1112_1160,0.733803207931
2016_1112_1163,0.620457878202
2016_1112_1167,0.909709808165
2016_1112_1173,0.706598502388
2016_1112_1181,0.519389290527
2016_1112_1192,0.99239608019
2016_1112_1195,0.979692336803
2016_1112_1201,0.872909440764
2016_1112_1211,0.641665710647
2016_1112_1214,0.986187309915
2016_1112_1218,0.849660484061
2016_1112_1221,0.993539232879
2016_1112_1231,0.541488399362
2016_1112_1233,0.881793152089
2016_1112_1234,0.569142424227
2016_1112_1235,0.578848324024
2016_1112_1242,0.381423774943
2016_1112_1246,0.463926086684
2016_1112_1268,0.572503319098
2016_1112_1274,0.48353824173
2016_1112_1276,0.696359924675
2016_1112_1277,0.390677552729
2016_1112_1292,0.907903918989
2016_1112_1314,0.338697019238
2016_1112_1320,0.849159199318
2016_1112_1323,0.605252680405
2016_1112_1328,0.471246668097
2016_1112_1332,0.433943763659
2016_1112_1333,0.718614780861
2016_1112_1338,0.670930583404
2016_1112_1344,0.673089305552
2016_1112_1345,0.49050567631
2016_1112_1355,0.850962131145
2016_1112_1371,0.587017327846
2016_1112_1372,0.747364122283
2016_1112_1380,0.987838536531
2016_1112_1386,0.655026537672
2016_1112_1392,0.850194285028
2016_1112_1393,0.674254420807
2016_1112_1396,0.771249313742
2016_1112_1400,0.617383663416
2016_1112_1401,0.519912298083
2016_1112_1403,0.700661952046
2016_1112_1409,0.787364721438
2016_1112_1421,0.944050079354
2016_1112_1423,0.833604301342
2016_1112_1425,0.702934239371
2016_1112_1428,0.568996476439
2016_1112_1433,0.642706252748
2016_1112_1435,0.715419548041
2016_1112_1437,0.425272442114
2016_1112_1438,0.428353072628
2016_1112_1451,0.962454424307
2016_1112_1452,0.422497443361
2016_1112_1453,0.927432443975
2016_1112_1455,0.618311310434
2016_1112_1458,0.660164764557
2016_1112_1462,0.499810188279
2016_1112_1463,0.750995844584
2016_1114_1122,0.958033929571
2016_1114_1124,0.306218734191
2016_1114_1138,0.792997502122
2016_1114_1139,0.391930480577
2016_1114_1143,0.377821879233
2016_1114_1151,0.62037206999
2016_1114_1153,0.368997798243
2016_1114_1160,0.467286126644
2016_1114_1163,0.402492773141
2016_1114_1167,0.71439163129
2016_1114_1173,0.472618609119
2016_1114_1181,0.310580477521
2016_1114_1192,0.964507679089
2016_1114_1195,0.926812074923
2016_1114_1201,0.64397418753
2016_1114_1211,0.399391720294
2016_1114_1214,0.947127736482
2016_1114_1218,0.567073072294
2016_1114_1221,0.969404814176
2016_1114_1231,0.330737036066
2016_1114_1233,0.670031431009
2016_1114_1234,0.345566231083
2016_1114_1235,0.382381453604
2016_1114_1242,0.202909686129
2016_1114_1246,0.242872130062
2016_1114_1268,0.341264428767
2016_1114_1274,0.265083239538
2016_1114_1276,0.486137995925
2016_1114_1277,0.210212463548
2016_1114_1292,0.722861632465
2016_1114_1314,0.181031515135
2016_1114_1320,0.631710196801
2016_1114_1323,0.38500224884
2016_1114_1328,0.262371603581
2016_1114_1332,0.242370874416
2016_1114_1333,0.474284456327
2016_1114_1338,0.407348873417
2016_1114_1344,0.419544621958
2016_1114_1345,0.270625156632
2016_1114_1355,0.594608192166
2016_1114_1371,0.346553916788
2016_1114_1372,0.473194924166
2016_1114_1380,0.950055695054
2016_1114_1386,0.385364889635
2016_1114_1392,0.621251423474
2016_1114_1393,0.472462237096
2016_1114_1396,0.517676962836
2016_1114_1400,0.371849032752
2016_1114_1401,0.308537059279
2016_1114_1403,0.443431080937
2016_1114_1409,0.517433200712
2016_1114_1421,0.811680480841
2016_1114_1423,0.561681032797
2016_1114_1425,0.430880561514
2016_1114_1428,0.319466939274
2016_1114_1433,0.410173808149
2016_1114_1435,0.451643514919
2016_1114_1437,0.226109877127
2016_1114_1438,0.223623150699
2016_1114_1451,0.869399618417
2016_1114_1452,0.175674342851
2016_1114_1453,0.766393187112
2016_1114_1455,0.360527144913
2016_1114_1458,0.404410064611
2016_1114_1462,0.257653380491
2016_1114_1463,0.528791395057
2016_1122_1124,0.026215097039
2016_1122_1138,0.212165564842
2016_1122_1139,0.0409798115563
2016_1122_1143,0.0387273342403
2016_1122_1151,0.105978535435
2016_1122_1153,0.0440842123552
2016_1122_1160,0.0586534848123
2016_1122_1163,0.0471212724347
2016_1122_1167,0.176282359116
2016_1122_1173,0.0554094424763
2016_1122_1181,0.0295093783105
2016_1122_1192,0.70195774731
2016_1122_1195,0.486161492382
2016_1122_1201,0.106832174326
2016_1122_1211,0.0431713148553
2016_1122_1214,0.567570790621
2016_1122_1218,0.0846028929204
2016_1122_1221,0.752850350358
2016_1122_1231,0.0295389394483
2016_1122_1233,0.152430259483
2016_1122_1234,0.0368130233094
2016_1122_1235,0.0389341659995
2016_1122_1242,0.0133924409629
2016_1122_1246,0.0210418876481
2016_1122_1268,0.0445744824952
2016_1122_1274,0.0273635979226
2016_1122_1276,0.0726541714459
2016_1122_1277,0.0160476731899
2016_1122_1292,0.20117325021
2016_1122_1314,0.012088815359
2016_1122_1320,0.149182709843
2016_1122_1323,0.0427224225075
2016_1122_1328,0.0221876058169
2016_1122_1332,0.0197060025568
2016_1122_1333,0.0601054621626
2016_1122_1338,0.0475541999716
2016_1122_1344,0.0452763069853
2016_1122_1345,0.0271124595022
2016_1122_1355,0.101904123801
2016_1122_1371,0.0347123021068
2016_1122_1372,0.0653056881689
2016_1122_1380,0.594442441557
2016_1122_1386,0.0456488195189
2016_1122_1392,0.127395399864
2016_1122_1393,0.064993353539
2016_1122_1396,0.0932752343907
2016_1122_1400,0.0392162529057
2016_1122_1401,0.0268299967392
2016_1122_1403,0.0549912952455
2016_1122_1409,0.0791045234897
2016_1122_1421,0.225137788568
2016_1122_1423,0.0847130441066
2016_1122_1425,0.0553207137531
2016_1122_1428,0.031443336424
2016_1122_1433,0.0430069745739
2016_1122_1435,0.0638154528661
2016_1122_1437,0.0157645095085
2016_1122_1438,0.0155961396373
2016_1122_1451,0.316172194759
2016_1122_1452,0.0116623601161
2016_1122_1453,0.170141353704
2016_1122_1455,0.0393746809136
2016_1122_1458,0.0495899468738
2016_1122_1462,0.0245882867686
2016_1122_1463,0.070050173133
2016_1124_1138,0.914340815313
2016_1124_1139,0.566987041055
2016_1124_1143,0.523810617921
2016_1124_1151,0.818324233575
2016_1124_1153,0.539690165205
2016_1124_1160,0.663287274993
2016_1124_1163,0.555943817712
2016_1124_1167,0.872212763415
2016_1124_1173,0.626725626746
2016_1124_1181,0.444955584558
2016_1124_1192,0.989331850714
2016_1124_1195,0.971571457082
2016_1124_1201,0.824626258634
2016_1124_1211,0.585828159833
2016_1124_1214,0.981419809695
2016_1124_1218,0.787691949705
2016_1124_1221,0.99108505856
2016_1124_1231,0.461967868481
2016_1124_1233,0.840356509014
2016_1124_1234,0.488163101064
2016_1124_1235,0.511094924367
2016_1124_1242,0.28272932405
2016_1124_1246,0.384993559921
2016_1124_1268,0.497878842029
2016_1124_1274,0.399485413699
2016_1124_1276,0.660745675831
2016_1124_1277,0.303583390764
2016_1124_1292,0.869552990453
2016_1124_1314,0.228020195718
2016_1124_1320,0.80404172866
2016_1124_1323,0.532993540604
2016_1124_1328,0.402467831425
2016_1124_1332,0.344666636083
2016_1124_1333,0.659209210696
2016_1124_1338,0.589158929479
2016_1124_1344,0.599079058916
2016_1124_1345,0.411305361144
2016_1124_1355,0.797172609427
2016_1124_1371,0.511170815315
2016_1124_1372,0.686010231385
2016_1124_1380,0.983188677037
2016_1124_1386,0.581372573572
2016_1124_1392,0.797616997172
2016_1124_1393,0.633071020633
2016_1124_1396,0.729369369089
2016_1124_1400,0.552060937677
2016_1124_1401,0.425431532748
2016_1124_1403,0.641851763341
2016_1124_1409,0.716453445139
2016_1124_1421,0.924593684577
2016_1124_1423,0.779711820288
2016_1124_1425,0.635659149345
2016_1124_1428,0.468869224966
2016_1124_1433,0.578780334038
2016_1124_1435,0.65687371009
2016_1124_1437,0.317307283098
2016_1124_1438,0.346829801768
2016_1124_1451,0.949236651886
2016_1124_1452,0.313267670081
2016_1124_1453,0.90004991226
2016_1124_1455,0.542824894214
2016_1124_1458,0.584700938993
2016_1124_1462,0.403385208751
2016_1124_1463,0.708165030894
2016_1138_1139,0.168113134475
2016_1138_1143,0.168321758235
2016_1138_1151,0.370956064755
2016_1138_1153,0.183169039542
2016_1138_1160,0.254605010274
2016_1138_1163,0.188118899651
2016_1138_1167,0.480049527985
2016_1138_1173,0.235629841258
2016_1138_1181,0.133407683368
2016_1138_1192,0.912199065297
2016_1138_1195,0.794088619006
2016_1138_1201,0.385298907517
2016_1138_1211,0.191940295294
2016_1138_1214,0.844931438993
2016_1138_1218,0.308553547122
2016_1138_1221,0.926755027737
2016_1138_1231,0.131257031782
2016_1138_1233,0.445550824534
2016_1138_1234,0.159074547941
2016_1138_1235,0.171285764552
2016_1138_1242,0.0601760838886
2016_1138_1246,0.0857280910473
2016_1138_1268,0.136022381544
2016_1138_1274,0.0917854717706
2016_1138_1276,0.293881727317
2016_1138_1277,0.0734684184084
2016_1138_1292,0.505914438288
2016_1138_1314,0.0556898016485
2016_1138_1320,0.408898326603
2016_1138_1323,0.183431406651
2016_1138_1328,0.0896668836779
2016_1138_1332,0.0759643816195
2016_1138_1333,0.250510299554
2016_1138_1338,0.203026031604
2016_1138_1344,0.183571002635
2016_1138_1345,0.104698062381
2016_1138_1355,0.347540500675
2016_1138_1371,0.149976373065
2016_1138_1372,0.262331181119
2016_1138_1380,0.867239280108
2016_1138_1386,0.187933000405
2016_1138_1392,0.400585112361
2016_1138_1393,0.254330801851
2016_1138_1396,0.302114086395
2016_1138_1400,0.168712173198
2016_1138_1401,0.108578592447
2016_1138_1403,0.222748454317
2016_1138_1409,0.284902189503
2016_1138_1421,0.582829038608
2016_1138_1423,0.316003079448
2016_1138_1425,0.235552559914
2016_1138_1428,0.126418644277
2016_1138_1433,0.190141328506
2016_1138_1435,0.249975751042
2016_1138_1437,0.0803154261402
2016_1138_1438,0.0785494271351
2016_1138_1451,0.693554950423
2016_1138_1452,0.0603936155416
2016_1138_1453,0.532444906826
2016_1138_1455,0.171699530118
2016_1138_1458,0.208485160253
2016_1138_1462,0.0865477148925
2016_1138_1463,0.292084516649
2016_1139_1143,0.450189898867
2016_1139_1151,0.747826699479
2016_1139_1153,0.454949231714
2016_1139_1160,0.567755040569
2016_1139_1163,0.456801199982
2016_1139_1167,0.830327434092
2016_1139_1173,0.533960829981
2016_1139_1181,0.363099756873
2016_1139_1192,0.984243295962
2016_1139_1195,0.958000164799
2016_1139_1201,0.750155802331
2016_1139_1211,0.463608860454
2016_1139_1214,0.971219971357
2016_1139_1218,0.695385559075
2016_1139_1221,0.986714192743
2016_1139_1231,0.371064398641
2016_1139_1233,0.778363749492
2016_1139_1234,0.390261040141
2016_1139_1235,0.397449464861
2016_1139_1242,0.198430408149
2016_1139_1246,0.299847479631
2016_1139_1268,0.394756423528
2016_1139_1274,0.310869156809
2016_1139_1276,0.549042786753
2016_1139_1277,0.228039657879
2016_1139_1292,0.817433076044
2016_1139_1314,0.174263500111
2016_1139_1320,0.708811774204
2016_1139_1323,0.440218777716
2016_1139_1328,0.309258609587
2016_1139_1332,0.274339676555
2016_1139_1333,0.552043923953
2016_1139_1338,0.476483341399
2016_1139_1344,0.483010694712
2016_1139_1345,0.326187961429
2016_1139_1355,0.704332108024
2016_1139_1371,0.412418830737
2016_1139_1372,0.579884588623
2016_1139_1380,0.974668271741
2016_1139_1386,0.458547194812
2016_1139_1392,0.715531233494
2016_1139_1393,0.52431804542
2016_1139_1396,0.608916722695
2016_1139_1400,0.448263328327
2016_1139_1401,0.330522463175
2016_1139_1403,0.535414075581
2016_1139_1409,0.613982660315
2016_1139_1421,0.895859006206
2016_1139_1423,0.686725009217
2016_1139_1425,0.522045875565
2016_1139_1428,0.37726198785
2016_1139_1433,0.455814832572
2016_1139_1435,0.528784790692
2016_1139_1437,0.217798662771
2016_1139_1438,0.2578719419
2016_1139_1451,0.915111741951
2016_1139_1452,0.213063515052
2016_1139_1453,0.859179228714
2016_1139_1455,0.434817528226
2016_1139_1458,0.482824467775
2016_1139_1462,0.323513913541
2016_1139_1463,0.625888525395
2016_1143_1151,0.82960845736
2016_1143_1153,0.567000079049
2016_1143_1160,0.690823089672
2016_1143_1163,0.562383059656
2016_1143_1167,0.886945210418
2016_1143_1173,0.636162296394
2016_1143_1181,0.481573168907
2016_1143_1192,0.990113894621
2016_1143_1195,0.974095155765
2016_1143_1201,0.833386005158
2016_1143_1211,0.600493346142
2016_1143_1214,0.982746098354
2016_1143_1218,0.801895555767
2016_1143_1221,0.991637518387
2016_1143_1231,0.477901805434
2016_1143_1233,0.852562748873
2016_1143_1234,0.508534125038
2016_1143_1235,0.52722560033
2016_1143_1242,0.315013897163
2016_1143_1246,0.409223324775
2016_1143_1268,0.511605749803
2016_1143_1274,0.434733332986
2016_1143_1276,0.660245933469
2016_1143_1277,0.333287061771
2016_1143_1292,0.887920431567
2016_1143_1314,0.253239787931
2016_1143_1320,0.795196244084
2016_1143_1323,0.549012400127
2016_1143_1328,0.431207301453
2016_1143_1332,0.373319352963
2016_1143_1333,0.667490798598
2016_1143_1338,0.599103911931
2016_1143_1344,0.625163917418
2016_1143_1345,0.430051716471
2016_1143_1355,0.804745157699
2016_1143_1371,0.539472373457
2016_1143_1372,0.710147560247
2016_1143_1380,0.984566571996
2016_1143_1386,0.60108062761
2016_1143_1392,0.801116847102
2016_1143_1393,0.621008420848
2016_1143_1396,0.719052040034
2016_1143_1400,0.561263254157
2016_1143_1401,0.458681209938
2016_1143_1403,0.658871046596
2016_1143_1409,0.733065165129
2016_1143_1421,0.929994401655
2016_1143_1423,0.794352345523
2016_1143_1425,0.652225537264
2016_1143_1428,0.498482366178
2016_1143_1433,0.578370597063
2016_1143_1435,0.65784631736
2016_1143_1437,0.350698495355
2016_1143_1438,0.36725561592
2016_1143_1451,0.954117390496
2016_1143_1452,0.347663180468
2016_1143_1453,0.908421923581
2016_1143_1455,0.557895087623
2016_1143_1458,0.588313527852
2016_1143_1462,0.455590016664
2016_1143_1463,0.729228081571
2016_1151_1153,0.286496928197
2016_1151_1160,0.372043611519
2016_1151_1163,0.330553443561
2016_1151_1167,0.619035349806
2016_1151_1173,0.35796584145
2016_1151_1181,0.205606474735
2016_1151_1192,0.950677502243
2016_1151_1195,0.892726066706
2016_1151_1201,0.525808923296
2016_1151_1211,0.300604876123
2016_1151_1214,0.92068986766
2016_1151_1218,0.454635661336
2016_1151_1221,0.95928527578
2016_1151_1231,0.205940137719
2016_1151_1233,0.579625556365
2016_1151_1234,0.246485556689
2016_1151_1235,0.256257117432
2016_1151_1242,0.117074887771
2016_1151_1246,0.16395637688
2016_1151_1268,0.264036612831
2016_1151_1274,0.193959472454
2016_1151_1276,0.420101722107
2016_1151_1277,0.131558000235
2016_1151_1292,0.630984618288
2016_1151_1314,0.102613986909
2016_1151_1320,0.536796289566
2016_1151_1323,0.292672874285
2016_1151_1328,0.180511240841
2016_1151_1332,0.151031719668
2016_1151_1333,0.375265320501
2016_1151_1338,0.313376658629
2016_1151_1344,0.292641242037
2016_1151_1345,0.19724955599
2016_1151_1355,0.484782599459
2016_1151_1371,0.256965770661
2016_1151_1372,0.39476150402
2016_1151_1380,0.922796744246
2016_1151_1386,0.315788351718
2016_1151_1392,0.533133757662
2016_1151_1393,0.371005494036
2016_1151_1396,0.42612633948
2016_1151_1400,0.271782324929
2016_1151_1401,0.209535831851
2016_1151_1403,0.356033766819
2016_1151_1409,0.415498588116
2016_1151_1421,0.718910767807
2016_1151_1423,0.46430033298
2016_1151_1425,0.358813320788
2016_1151_1428,0.237344957917
2016_1151_1433,0.299149917897
2016_1151_1435,0.381199737244
2016_1151_1437,0.143187651093
2016_1151_1438,0.148042838905
2016_1151_1451,0.802799066996
2016_1151_1452,0.117399492654
2016_1151_1453,0.671437430864
2016_1151_1455,0.264549959434
2016_1151_1458,0.301392510665
2016_1151_1462,0.164221286908
2016_1151_1463,0.423566653148
2016_1153_1160,0.567047887388
2016_1153_1163,0.459322162752
2016_1153_1167,0.806769910563
2016_1153_1173,0.524100487389
2016_1153_1181,0.3394691169
2016_1153_1192,0.981387801004
2016_1153_1195,0.950998788461
2016_1153_1201,0.742239257504
2016_1153_1211,0.45588573822
2016_1153_1214,0.965783852495
2016_1153_1218,0.667622357684
2016_1153_1221,0.984738075719
2016_1153_1231,0.350064793458
2016_1153_1233,0.756801246913
2016_1153_1234,0.388674185948
2016_1153_1235,0.394957399668
2016_1153_1242,0.218175565866
2016_1153_1246,0.274677751145
2016_1153_1268,0.401177339597
2016_1153_1274,0.309041796829
2016_1153_1276,0.532629970154
2016_1153_1277,0.233528259209
2016_1153_1292,0.806600271624
2016_1153_1314,0.148753931903
2016_1153_1320,0.694479148401
2016_1153_1323,0.436796721552
2016_1153_1328,0.305011143382
2016_1153_1332,0.267702172886
2016_1153_1333,0.539574729942
2016_1153_1338,0.45477772577
2016_1153_1344,0.465505808242
2016_1153_1345,0.334280892454
2016_1153_1355,0.703897083323
2016_1153_1371,0.399558653628
2016_1153_1372,0.546532232376
2016_1153_1380,0.970306473447
2016_1153_1386,0.456514705106
2016_1153_1392,0.72563840371
2016_1153_1393,0.496592769517
2016_1153_1396,0.623368109887
2016_1153_1400,0.439278362292
2016_1153_1401,0.32713505302
2016_1153_1403,0.501115385262
2016_1153_1409,0.596220278137
2016_1153_1421,0.867881549668
2016_1153_1423,0.687854718017
2016_1153_1425,0.49725435912
2016_1153_1428,0.37183566625
2016_1153_1433,0.434361499602
2016_1153_1435,0.511386095283
2016_1153_1437,0.243971810078
2016_1153_1438,0.262079767836
2016_1153_1451,0.912823641122
2016_1153_1452,0.198852216069
2016_1153_1453,0.844780501876
2016_1153_1455,0.424345923535
2016_1153_1458,0.46298782598
2016_1153_1462,0.310427529024
2016_1153_1463,0.590953533779
2016_1160_1163,0.438960090413
2016_1160_1167,0.805463630076
2016_1160_1173,0.521455100785
2016_1160_1181,0.33534639071
2016_1160_1192,0.981868704713
2016_1160_1195,0.954254662782
2016_1160_1201,0.730580132705
2016_1160_1211,0.463532799766
2016_1160_1214,0.965633224933
2016_1160_1218,0.6844426623
2016_1160_1221,0.985058652465
2016_1160_1231,0.344396148499
2016_1160_1233,0.75251926863
2016_1160_1234,0.38777214587
2016_1160_1235,0.402498388451
2016_1160_1242,0.217302436121
2016_1160_1246,0.262483432454
2016_1160_1268,0.380045751048
2016_1160_1274,0.300611750617
2016_1160_1276,0.545146651274
2016_1160_1277,0.243030034031
2016_1160_1292,0.803308375225
2016_1160_1314,0.188593052796
2016_1160_1320,0.700664039066
2016_1160_1323,0.413236557838
2016_1160_1328,0.303726476138
2016_1160_1332,0.255935403759
2016_1160_1333,0.524344274077
2016_1160_1338,0.475198221824
2016_1160_1344,0.475442263725
2016_1160_1345,0.315570713561
2016_1160_1355,0.694070434943
2016_1160_1371,0.37928637383
2016_1160_1372,0.574563555219
2016_1160_1380,0.96775631583
2016_1160_1386,0.466537001028
2016_1160_1392,0.694306290744
2016_1160_1393,0.475940716271
2016_1160_1396,0.580898155387
2016_1160_1400,0.41957645143
2016_1160_1401,0.325685171721
2016_1160_1403,0.468320822663
2016_1160_1409,0.602145078808
2016_1160_1421,0.884172329002
2016_1160_1423,0.678511404416
2016_1160_1425,0.511999928354
2016_1160_1428,0.36126088729
2016_1160_1433,0.436919987007
2016_1160_1435,0.542389185879
2016_1160_1437,0.252037240252
2016_1160_1438,0.245584916961
2016_1160_1451,0.919598194868
2016_1160_1452,0.198138144243
2016_1160_1453,0.842036789132
2016_1160_1455,0.411561266134
2016_1160_1458,0.44032836218
2016_1160_1462,0.296326395465
2016_1160_1463,0.577671755675
2016_1163_1167,0.847299891606
2016_1163_1173,0.607290145329
2016_1163_1181,0.416080137315
2016_1163_1192,0.987486208203
2016_1163_1195,0.966838967302
2016_1163_1201,0.788358968425
2016_1163_1211,0.527779868715
2016_1163_1214,0.977275722179
2016_1163_1218,0.74985488676
2016_1163_1221,0.98958381775
2016_1163_1231,0.421989912705
2016_1163_1233,0.80964032535
2016_1163_1234,0.445253518069
2016_1163_1235,0.469133589835
2016_1163_1242,0.277422020048
2016_1163_1246,0.337782874384
2016_1163_1268,0.449103801737
2016_1163_1274,0.36831362915
2016_1163_1276,0.604920676189
2016_1163_1277,0.287309376886
2016_1163_1292,0.851217347944
2016_1163_1314,0.220666017122
2016_1163_1320,0.759679076283
2016_1163_1323,0.489355449054
2016_1163_1328,0.378577350541
2016_1163_1332,0.320483377026
2016_1163_1333,0.614023824857
2016_1163_1338,0.548902974607
2016_1163_1344,0.547549408227
2016_1163_1345,0.385638520668
2016_1163_1355,0.77007524539
2016_1163_1371,0.478285812912
2016_1163_1372,0.631793563358
2016_1163_1380,0.979789410823
2016_1163_1386,0.53276299707
2016_1163_1392,0.760389199524
2016_1163_1393,0.592255785111
2016_1163_1396,0.653632167742
2016_1163_1400,0.503486390651
2016_1163_1401,0.39637157126
2016_1163_1403,0.609032064045
2016_1163_1409,0.676484576383
2016_1163_1421,0.909860115119
2016_1163_1423,0.734361507287
2016_1163_1425,0.584153380684
2016_1163_1428,0.43326567858
2016_1163_1433,0.521257029323
2016_1163_1435,0.606867389881
2016_1163_1437,0.307816658267
2016_1163_1438,0.31958665998
2016_1163_1451,0.940544968535
2016_1163_1452,0.257627261716
2016_1163_1453,0.879695745886
2016_1163_1455,0.497283084561
2016_1163_1458,0.540747868377
2016_1163_1462,0.370654847944
2016_1163_1463,0.687968857847
2016_1167_1173,0.197643573684
2016_1167_1181,0.107451418612
2016_1167_1192,0.906965329044
2016_1167_1195,0.784301605899
2016_1167_1201,0.353868908387
2016_1167_1211,0.165836799795
2016_1167_1214,0.851300247281
2016_1167_1218,0.28454196347
2016_1167_1221,0.92803288123
2016_1167_1231,0.105416474577
2016_1167_1233,0.422514510119
2016_1167_1234,0.131679127845
2016_1167_1235,0.140471380088
2016_1167_1242,0.0618994206283
2016_1167_1246,0.0754632056484
2016_1167_1268,0.142551364141
2016_1167_1274,0.0900743235672
2016_1167_1276,0.274940519055
2016_1167_1277,0.0654979099544
2016_1167_1292,0.492690839403
2016_1167_1314,0.0507468101294
2016_1167_1320,0.391858994495
2016_1167_1323,0.152371505062
2016_1167_1328,0.0863224050983
2016_1167_1332,0.0836927929313
2016_1167_1333,0.210216184697
2016_1167_1338,0.171577421396
2016_1167_1344,0.163083701919
2016_1167_1345,0.0892276740001
2016_1167_1355,0.322536865576
2016_1167_1371,0.127260968449
2016_1167_1372,0.237034579456
2016_1167_1380,0.866227198274
2016_1167_1386,0.173388531703
2016_1167_1392,0.382796776579
2016_1167_1393,0.216183293891
2016_1167_1396,0.29112331704
2016_1167_1400,0.140902243272
2016_1167_1401,0.099249536847
2016_1167_1403,0.193442733408
2016_1167_1409,0.262861359999
2016_1167_1421,0.552656851058
2016_1167_1423,0.288701356726
2016_1167_1425,0.202367474613
2016_1167_1428,0.124678376725
2016_1167_1433,0.153152804466
2016_1167_1435,0.233200329692
2016_1167_1437,0.0652510724325
2016_1167_1438,0.0663386759818
2016_1167_1451,0.650338334375
2016_1167_1452,0.0502745795305
2016_1167_1453,0.495848092256
2016_1167_1455,0.139439250583
2016_1167_1458,0.179164738028
2016_1167_1462,0.0837802921191
2016_1167_1463,0.250174194387
2016_1173_1181,0.362509065683
2016_1173_1192,0.982988941959
2016_1173_1195,0.955224608123
2016_1173_1201,0.744395810838
2016_1173_1211,0.470924949213
2016_1173_1214,0.969926444588
2016_1173_1218,0.701888574579
2016_1173_1221,0.985667389737
2016_1173_1231,0.357785734683
2016_1173_1233,0.763964045946
2016_1173_1234,0.409627427662
2016_1173_1235,0.419279054666
2016_1173_1242,0.241010064081
2016_1173_1246,0.304996455196
2016_1173_1268,0.395857545381
2016_1173_1274,0.331167473637
2016_1173_1276,0.559881650315
2016_1173_1277,0.264418788247
2016_1173_1292,0.811066915562
2016_1173_1314,0.212748055154
2016_1173_1320,0.708338011268
2016_1173_1323,0.451329498506
2016_1173_1328,0.329342896576
2016_1173_1332,0.277927613509
2016_1173_1333,0.550989181882
2016_1173_1338,0.47733540527
2016_1173_1344,0.495635136801
2016_1173_1345,0.339643231221
2016_1173_1355,0.702288747532
2016_1173_1371,0.410051534606
2016_1173_1372,0.589622501754
2016_1173_1380,0.973129354468
2016_1173_1386,0.460656587176
2016_1173_1392,0.707028518095
2016_1173_1393,0.507956797141
2016_1173_1396,0.588098045359
2016_1173_1400,0.431834650073
2016_1173_1401,0.34801019355
2016_1173_1403,0.522947486559
2016_1173_1409,0.610016020889
2016_1173_1421,0.889588657839
2016_1173_1423,0.689795231293
2016_1173_1425,0.5059244806
2016_1173_1428,0.378272692025
2016_1173_1433,0.458747460326
2016_1173_1435,0.555580133136
2016_1173_1437,0.272462057324
2016_1173_1438,0.281731186553
2016_1173_1451,0.914719436072
2016_1173_1452,0.218463266474
2016_1173_1453,0.852676762422
2016_1173_1455,0.444364112793
2016_1173_1458,0.478852335434
2016_1173_1462,0.315819273235
2016_1173_1463,0.599287008137
2016_1181_1192,0.990383794856
2016_1181_1195,0.974279063361
2016_1181_1201,0.8441954703
2016_1181_1211,0.617959883096
2016_1181_1214,0.982885954788
2016_1181_1218,0.818635128609
2016_1181_1221,0.991691482048
2016_1181_1231,0.534551010689
2016_1181_1233,0.863059277081
2016_1181_1234,0.539549846432
2016_1181_1235,0.537954868372
2016_1181_1242,0.369347831249
2016_1181_1246,0.444883548976
2016_1181_1268,0.52454987224
2016_1181_1274,0.461182997204
2016_1181_1276,0.672043573235
2016_1181_1277,0.370412298917
2016_1181_1292,0.877172993823
2016_1181_1314,0.335674294226
2016_1181_1320,0.832492155878
2016_1181_1323,0.57876612881
2016_1181_1328,0.464379218833
2016_1181_1332,0.430293589771
2016_1181_1333,0.684618920667
2016_1181_1338,0.637365708831
2016_1181_1344,0.641891557731
2016_1181_1345,0.48093367936
2016_1181_1355,0.814620214075
2016_1181_1371,0.565863753485
2016_1181_1372,0.724441105417
2016_1181_1380,0.98448606831
2016_1181_1386,0.614155159183
2016_1181_1392,0.811992210243
2016_1181_1393,0.66578197583
2016_1181_1396,0.745598412764
2016_1181_1400,0.605855116585
2016_1181_1401,0.489362498839
2016_1181_1403,0.679087848227
2016_1181_1409,0.752504214493
2016_1181_1421,0.931439426262
2016_1181_1423,0.809603392957
2016_1181_1425,0.677565478168
2016_1181_1428,0.530059549458
2016_1181_1433,0.611860993362
2016_1181_1435,0.683090797949
2016_1181_1437,0.387944276665
2016_1181_1438,0.414494704121
2016_1181_1451,0.95470912712
2016_1181_1452,0.389928544731
2016_1181_1453,0.914076957124
2016_1181_1455,0.603750859974
2016_1181_1458,0.640382030931
2016_1181_1462,0.483627332284
2016_1181_1463,0.744713908673
2016_1192_1195,0.411276565919
2016_1192_1201,0.0722657971166
2016_1192_1211,0.030425170963
2016_1192_1214,0.499240131756
2016_1192_1218,0.0581313583561
2016_1192_1221,0.672745091066
2016_1192_1231,0.021250268317
2016_1192_1233,0.104819891947
2016_1192_1234,0.0253584774523
2016_1192_1235,0.0276055574031
2016_1192_1242,0.00967146172769
2016_1192_1246,0.016056798368
2016_1192_1268,0.0257917856745
2016_1192_1274,0.0181461711861
2016_1192_1276,0.0505958131378
2016_1192_1277,0.0117161521711
2016_1192_1292,0.141071870381
2016_1192_1314,0.00897940223389
2016_1192_1320,0.106048428625
2016_1192_1323,0.0302409757011
2016_1192_1328,0.0160896900283
2016_1192_1332,0.0140197450228
2016_1192_1333,0.0433496179725
2016_1192_1338,0.0338665504508
2016_1192_1344,0.0321387216983
2016_1192_1345,0.0179197590471
2016_1192_1355,0.0710810692968
2016_1192_1371,0.0249226525514
2016_1192_1372,0.0457221543585
2016_1192_1380,0.524120407965
2016_1192_1386,0.0313639293874
2016_1192_1392,0.0851452812489
2016_1192_1393,0.0460993684311
2016_1192_1396,0.0658823702541
2016_1192_1400,0.0278946933543
2016_1192_1401,0.0191314146941
2016_1192_1403,0.0395722471751
2016_1192_1409,0.0556881999192
2016_1192_1421,0.15706361987
2016_1192_1423,0.0570038857331
2016_1192_1425,0.0378712964945
2016_1192_1428,0.0224437695903
2016_1192_1433,0.0307382327323
2016_1192_1435,0.0448046217612
2016_1192_1437,0.0114658750816
2016_1192_1438,0.0112489157879
2016_1192_1451,0.225001532478
2016_1192_1452,0.00854813969016
2016_1192_1453,0.110643596122
2016_1192_1455,0.0272641065896
2016_1192_1458,0.03543654249
2016_1192_1462,0.019220967954
2016_1192_1463,0.0481590020859
2016_1195_1201,0.170819146459
2016_1195_1211,0.0687519903581
2016_1195_1214,0.68950770013
2016_1195_1218,0.133776712856
2016_1195_1221,0.831922308204
2016_1195_1231,0.0486106066076
2016_1195_1233,0.22809926966
2016_1195_1234,0.0600178666509
2016_1195_1235,0.0642812195642
2016_1195_1242,0.0218809139442
2016_1195_1246,0.0322017230617
2016_1195_1268,0.0644194387532
2016_1195_1274,0.0379676384893
2016_1195_1276,0.118597146489
2016_1195_1277,0.0254775187585
2016_1195_1292,0.280742682862
2016_1195_1314,0.0188489680078
2016_1195_1320,0.220604251173
2016_1195_1323,0.0697486852388
2016_1195_1328,0.0362776989437
2016_1195_1332,0.0381003591672
2016_1195_1333,0.0975984366994
2016_1195_1338,0.0763009051117
2016_1195_1344,0.0723810368385
2016_1195_1345,0.0379732519975
2016_1195_1355,0.153749552838
2016_1195_1371,0.0556282281284
2016_1195_1372,0.107095622452
2016_1195_1380,0.682066125236
2016_1195_1386,0.072376009958
2016_1195_1392,0.184025294394
2016_1195_1393,0.102493877916
2016_1195_1396,0.142813425656
2016_1195_1400,0.0638449673208
2016_1195_1401,0.050922164922
2016_1195_1403,0.0885423878575
2016_1195_1409,0.125354699692
2016_1195_1421,0.313653397674
2016_1195_1423,0.135501758814
2016_1195_1425,0.086311757638
2016_1195_1428,0.0584714175892
2016_1195_1433,0.0703274920702
2016_1195_1435,0.119886155549
2016_1195_1437,0.0264420352492
2016_1195_1438,0.0260264839835
2016_1195_1451,0.478063994839
2016_1195_1452,0.0187831213808
2016_1195_1453,0.257523771193
2016_1195_1455,0.0639563415221
2016_1195_1458,0.078390512177
2016_1195_1462,0.0406085458187
2016_1195_1463,0.108007880118
2016_1201_1211,0.285462129103
2016_1201_1214,0.907410735117
2016_1201_1218,0.42655934177
2016_1201_1221,0.953006514409
2016_1201_1231,0.209166652853
2016_1201_1233,0.554936758532
2016_1201_1234,0.254951941231
2016_1201_1235,0.276019367276
2016_1201_1242,0.122483634163
2016_1201_1246,0.133724138626
2016_1201_1268,0.227949514116
2016_1201_1274,0.158741933413
2016_1201_1276,0.363763808451
2016_1201_1277,0.124868769809
2016_1201_1292,0.597597387347
2016_1201_1314,0.102385874865
2016_1201_1320,0.507726811161
2016_1201_1323,0.279356247999
2016_1201_1328,0.162745239365
2016_1201_1332,0.131524339579
2016_1201_1333,0.346011897141
2016_1201_1338,0.301911030192
2016_1201_1344,0.297320915189
2016_1201_1345,0.165217438931
2016_1201_1355,0.445573395395
2016_1201_1371,0.219553147279
2016_1201_1372,0.362357246241
2016_1201_1380,0.910376519892
2016_1201_1386,0.279590124982
2016_1201_1392,0.507640763088
2016_1201_1393,0.359268144714
2016_1201_1396,0.403280433219
2016_1201_1400,0.268826002828
2016_1201_1401,0.182753075555
2016_1201_1403,0.318309722481
2016_1201_1409,0.390292329034
2016_1201_1421,0.7036395419
2016_1201_1423,0.43580554422
2016_1201_1425,0.323667222303
2016_1201_1428,0.208857219881
2016_1201_1433,0.288224443865
2016_1201_1435,0.357208557052
2016_1201_1437,0.116333823097
2016_1201_1438,0.132022481573
2016_1201_1451,0.776664580901
2016_1201_1452,0.0961148239811
2016_1201_1453,0.657993799225
2016_1201_1455,0.245682497391
2016_1201_1458,0.305608208726
2016_1201_1462,0.151272859896
2016_1201_1463,0.39330822547
2016_1211_1214,0.971469368556
2016_1211_1218,0.710929540622
2016_1211_1221,0.986922099658
2016_1211_1231,0.415851105035
2016_1211_1233,0.786212956318
2016_1211_1234,0.442408482316
2016_1211_1235,0.443270124954
2016_1211_1242,0.256651425063
2016_1211_1246,0.340979414612
2016_1211_1268,0.448732852545
2016_1211_1274,0.354634487012
2016_1211_1276,0.588857789507
2016_1211_1277,0.278644255296
2016_1211_1292,0.818163334051
2016_1211_1314,0.213111400757
2016_1211_1320,0.735256277515
2016_1211_1323,0.471530622267
2016_1211_1328,0.358191125115
2016_1211_1332,0.322272196257
2016_1211_1333,0.580440066224
2016_1211_1338,0.52800610595
2016_1211_1344,0.534367590021
2016_1211_1345,0.37619212821
2016_1211_1355,0.72679509043
2016_1211_1371,0.449625330347
2016_1211_1372,0.616549204394
2016_1211_1380,0.97503560422
2016_1211_1386,0.510898735047
2016_1211_1392,0.728003534317
2016_1211_1393,0.569973254391
2016_1211_1396,0.652558303799
2016_1211_1400,0.493444131633
2016_1211_1401,0.409163674092
2016_1211_1403,0.569624596876
2016_1211_1409,0.637103431177
2016_1211_1421,0.881919072561
2016_1211_1423,0.705491828049
2016_1211_1425,0.548627470796
2016_1211_1428,0.422792639117
2016_1211_1433,0.516799598436
2016_1211_1435,0.587034585975
2016_1211_1437,0.289573041171
2016_1211_1438,0.298347815889
2016_1211_1451,0.926154462561
2016_1211_1452,0.287602540809
2016_1211_1453,0.852540508493
2016_1211_1455,0.490258602351
2016_1211_1458,0.512907629292
2016_1211_1462,0.356750541023
2016_1211_1463,0.643848577014
2016_1214_1218,0.103030881318
2016_1214_1221,0.771181170838
2016_1214_1231,0.0377159035132
2016_1214_1233,0.177988573618
2016_1214_1234,0.0457234103007
2016_1214_1235,0.0501803316748
2016_1214_1242,0.0166503324331
2016_1214_1246,0.0254140035651
2016_1214_1268,0.0529368572751
2016_1214_1274,0.0297062099585
2016_1214_1276,0.0912917222232
2016_1214_1277,0.0199817140977
2016_1214_1292,0.226217976771
2016_1214_1314,0.0147313937031
2016_1214_1320,0.175867815456
2016_1214_1323,0.0540092606364
2016_1214_1328,0.0280454489393
2016_1214_1332,0.0247195962809
2016_1214_1333,0.0762401189383
2016_1214_1338,0.0598811188421
2016_1214_1344,0.0574772312539
2016_1214_1345,0.0298991649977
2016_1214_1355,0.121479167161
2016_1214_1371,0.0430490810999
2016_1214_1372,0.0814923879629
2016_1214_1380,0.633531114377
2016_1214_1386,0.0571362665855
2016_1214_1392,0.146953214757
2016_1214_1393,0.0803814320866
2016_1214_1396,0.112756491102
2016_1214_1400,0.0492054408209
2016_1214_1401,0.0334849443339
2016_1214_1403,0.0692755443536
2016_1214_1409,0.098165898368
2016_1214_1421,0.251726787012
2016_1214_1423,0.101622783738
2016_1214_1425,0.0676406748955
2016_1214_1428,0.0481747036669
2016_1214_1433,0.054089392223
2016_1214_1435,0.0791955738255
2016_1214_1437,0.0201275154038
2016_1214_1438,0.0197550706175
2016_1214_1451,0.393491702783
2016_1214_1452,0.0145451459779
2016_1214_1453,0.200659692534
2016_1214_1455,0.0478934178438
2016_1214_1458,0.0614343917606
2016_1214_1462,0.0288970328137
2016_1214_1463,0.0859472560559
2016_1218_1221,0.961143547287
2016_1218_1231,0.209845945675
2016_1218_1233,0.617164405441
2016_1218_1234,0.282562501334
2016_1218_1235,0.294488339673
2016_1218_1242,0.131336268944
2016_1218_1246,0.172228154743
2016_1218_1268,0.247351993681
2016_1218_1274,0.199386549123
2016_1218_1276,0.411297202571
2016_1218_1277,0.144808697158
2016_1218_1292,0.669076640182
2016_1218_1314,0.109197415109
2016_1218_1320,0.566112452143
2016_1218_1323,0.296856276727
2016_1218_1328,0.198442943328
2016_1218_1332,0.168721649377
2016_1218_1333,0.391776153225
2016_1218_1338,0.314756405399
2016_1218_1344,0.328162368201
2016_1218_1345,0.200027878681
2016_1218_1355,0.527742258292
2016_1218_1371,0.25408617686
2016_1218_1372,0.403426383296
2016_1218_1380,0.926789144873
2016_1218_1386,0.317995207606
2016_1218_1392,0.574873711898
2016_1218_1393,0.382733041962
2016_1218_1396,0.461682679943
2016_1218_1400,0.272925141811
2016_1218_1401,0.214425529037
2016_1218_1403,0.350326271831
2016_1218_1409,0.444660434712
2016_1218_1421,0.769753860241
2016_1218_1423,0.511967355636
2016_1218_1425,0.354218007775
2016_1218_1428,0.241196967791
2016_1218_1433,0.312365130803
2016_1218_1435,0.36596188845
2016_1218_1437,0.156910015965
2016_1218_1438,0.149228688911
2016_1218_1451,0.826881153753
2016_1218_1452,0.116316947125
2016_1218_1453,0.711741932534
2016_1218_1455,0.270081627535
2016_1218_1458,0.318761063405
2016_1218_1462,0.181965484141
2016_1218_1463,0.41903350396
2016_1221_1231,0.0139400303659
2016_1221_1233,0.0750985366444
2016_1221_1234,0.0174089743829
2016_1221_1235,0.0181520364203
2016_1221_1242,0.00693372345707
2016_1221_1246,0.0121930974568
2016_1221_1268,0.0173386988896
2016_1221_1274,0.0134375236487
2016_1221_1276,0.0332795819382
2016_1221_1277,0.00840291082496
2016_1221_1292,0.101258536223
2016_1221_1314,0.00682503569015
2016_1221_1320,0.0734811611835
2016_1221_1323,0.0202846648207
2016_1221_1328,0.0109720380006
2016_1221_1332,0.00938887052624
2016_1221_1333,0.0290060153365
2016_1221_1338,0.0229018924699
2016_1221_1344,0.0219734100255
2016_1221_1345,0.0131379169954
2016_1221_1355,0.0505888494039
2016_1221_1371,0.0170345196845
2016_1221_1372,0.0307270511495
2016_1221_1380,0.462616994621
2016_1221_1386,0.0219051689312
2016_1221_1392,0.0601204145301
2016_1221_1393,0.0310158806207
2016_1221_1396,0.0451647368327
2016_1221_1400,0.0185491246574
2016_1221_1401,0.0129049329389
2016_1221_1403,0.0265588556584
2016_1221_1409,0.0386216707796
2016_1221_1421,0.116275244908
2016_1221_1423,0.0395524478662
2016_1221_1425,0.0260785919183
2016_1221_1428,0.0149554907387
2016_1221_1433,0.0206075198607
2016_1221_1435,0.0307840240384
2016_1221_1437,0.00782543706331
2016_1221_1438,0.00755297163701
2016_1221_1451,0.171433572466
2016_1221_1452,0.00600258393064
2016_1221_1453,0.0813794998813
2016_1221_1455,0.0186229067301
2016_1221_1458,0.0241400045624
2016_1221_1462,0.0103131614712
2016_1221_1463,0.0335963570742
2016_1231_1233,0.878551657896
2016_1231_1234,0.53458094648
2016_1231_1235,0.574392287126
2016_1231_1242,0.406379011662
2016_1231_1246,0.466286618123
2016_1231_1268,0.560075969158
2016_1231_1274,0.467342075915
2016_1231_1276,0.702148042284
2016_1231_1277,0.390594931274
2016_1231_1292,0.903505295132
2016_1231_1314,0.357857371327
2016_1231_1320,0.840811345025
2016_1231_1323,0.597034478988
2016_1231_1328,0.482827342331
2016_1231_1332,0.437779047343
2016_1231_1333,0.695270129209
2016_1231_1338,0.654166256191
2016_1231_1344,0.65656892958
2016_1231_1345,0.490618610875
2016_1231_1355,0.837698462072
2016_1231_1371,0.57397913157
2016_1231_1372,0.748424011886
2016_1231_1380,0.987212558155
2016_1231_1386,0.640007838633
2016_1231_1392,0.832854863923
2016_1231_1393,0.682812717491
2016_1231_1396,0.77274845526
2016_1231_1400,0.619633393874
2016_1231_1401,0.513680349815
2016_1231_1403,0.702084242521
2016_1231_1409,0.76363095583
2016_1231_1421,0.941543977029
2016_1231_1423,0.820338469267
2016_1231_1425,0.68371893897
2016_1231_1428,0.541554955802
2016_1231_1433,0.639659542477
2016_1231_1435,0.693301291498
2016_1231_1437,0.409517167417
2016_1231_1438,0.471175721199
2016_1231_1451,0.961005112608
2016_1231_1452,0.429121086862
2016_1231_1453,0.920947114423
2016_1231_1455,0.604446814159
2016_1231_1458,0.660254232525
2016_1231_1462,0.497938236976
2016_1231_1463,0.753953297664
2016_1233_1234,0.219713335484
2016_1233_1235,0.237699004893
2016_1233_1242,0.0997122342098
2016_1233_1246,0.130306212114
2016_1233_1268,0.202987582346
2016_1233_1274,0.150311616927
2016_1233_1276,0.336692889168
2016_1233_1277,0.122736086703
2016_1233_1292,0.574763460927
2016_1233_1314,0.0967825772605
2016_1233_1320,0.488898708777
2016_1233_1323,0.242781363581
2016_1233_1328,0.148390622329
2016_1233_1332,0.135740980768
2016_1233_1333,0.319943911152
2016_1233_1338,0.26876908006
2016_1233_1344,0.268823969045
2016_1233_1345,0.1516875824
2016_1233_1355,0.416995090722
2016_1233_1371,0.207822444734
2016_1233_1372,0.327297258731
2016_1233_1380,0.885037871779
2016_1233_1386,0.244406978353
2016_1233_1392,0.465562248996
2016_1233_1393,0.324875347015
2016_1233_1396,0.386598671581
2016_1233_1400,0.22812457116
2016_1233_1401,0.167838281497
2016_1233_1403,0.288627289954
2016_1233_1409,0.359316151669
2016_1233_1421,0.649284871331
2016_1233_1423,0.389504071192
2016_1233_1425,0.287394391896
2016_1233_1428,0.190091626531
2016_1233_1433,0.253113365016
2016_1233_1435,0.301598080257
2016_1233_1437,0.116219030017
2016_1233_1438,0.132892459711
2016_1233_1451,0.730612465956
2016_1233_1452,0.0951510393015
2016_1233_1453,0.593189316548
2016_1233_1455,0.218300228221
2016_1233_1458,0.260155812726
2016_1233_1462,0.143118148148
2016_1233_1463,0.338199378253
2016_1234_1235,0.483404993337
2016_1234_1242,0.261168866451
2016_1234_1246,0.352902582838
2016_1234_1268,0.484299098787
2016_1234_1274,0.386580869827
2016_1234_1276,0.635565511774
2016_1234_1277,0.315398656558
2016_1234_1292,0.853364213654
2016_1234_1314,0.229440042905
2016_1234_1320,0.788727478237
2016_1234_1323,0.525625929376
2016_1234_1328,0.391323617164
2016_1234_1332,0.347954468397
2016_1234_1333,0.637348712534
2016_1234_1338,0.561168182528
2016_1234_1344,0.574260878946
2016_1234_1345,0.398365876457
2016_1234_1355,0.782774551393
2016_1234_1371,0.491080874208
2016_1234_1372,0.653480378639
2016_1234_1380,0.980672781494
2016_1234_1386,0.561114147555
2016_1234_1392,0.776004504467
2016_1234_1393,0.600136529255
2016_1234_1396,0.698190437549
2016_1234_1400,0.519760245311
2016_1234_1401,0.418604570333
2016_1234_1403,0.609335385273
2016_1234_1409,0.691345568179
2016_1234_1421,0.915184600058
2016_1234_1423,0.770259996661
2016_1234_1425,0.59292495507
2016_1234_1428,0.45560881966
2016_1234_1433,0.552694774401
2016_1234_1435,0.622051953179
2016_1234_1437,0.33147082134
2016_1234_1438,0.321013589728
2016_1234_1451,0.944322970883
2016_1234_1452,0.279379776737
2016_1234_1453,0.887563349918
2016_1234_1455,0.52980713902
2016_1234_1458,0.565517823426
2016_1234_1462,0.394994059812
2016_1234_1463,0.683421988071
2016_1235_1242,0.351292789846
2016_1235_1246,0.429467624007
2016_1235_1268,0.542883695771
2016_1235_1274,0.453250161099
2016_1235_1276,0.665863234344
2016_1235_1277,0.363304837783
2016_1235_1292,0.885344412708
2016_1235_1314,0.285488192898
2016_1235_1320,0.820636205576
2016_1235_1323,0.581253728161
2016_1235_1328,0.443616267414
2016_1235_1332,0.39052407687
2016_1235_1333,0.684633011544
2016_1235_1338,0.612715595725
2016_1235_1344,0.616938353771
2016_1235_1345,0.469480336022
2016_1235_1355,0.815090930844
2016_1235_1371,0.541795711033
2016_1235_1372,0.686555032915
2016_1235_1380,0.984507057457
2016_1235_1386,0.602439016162
2016_1235_1392,0.811375662234
2016_1235_1393,0.661439221345
2016_1235_1396,0.723102557549
2016_1235_1400,0.587189807826
2016_1235_1401,0.483470653188
2016_1235_1403,0.68015510832
2016_1235_1409,0.735594167917
2016_1235_1421,0.929243950503
2016_1235_1423,0.78494323056
2016_1235_1425,0.648642934111
2016_1235_1428,0.510253215484
2016_1235_1433,0.601297255353
2016_1235_1435,0.691850234491
2016_1235_1437,0.374579824354
2016_1235_1438,0.399705400321
2016_1235_1451,0.95301091897
2016_1235_1452,0.370389346929
2016_1235_1453,0.904598894373
2016_1235_1455,0.575624558324
2016_1235_1458,0.640252131592
2016_1235_1462,0.459216632213
2016_1235_1463,0.725729399549
2016_1242_1246,0.746104325516
2016_1242_1268,0.838832376223
2016_1242_1274,0.735147335055
2016_1242_1276,0.907754623367
2016_1242_1277,0.657748040695
2016_1242_1292,0.96665105793
2016_1242_1314,0.613365847719
2016_1242_1320,0.951565962539
2016_1242_1323,0.854629663649
2016_1242_1328,0.781784580732
2016_1242_1332,0.767718142864
2016_1242_1333,0.91149262875
2016_1242_1338,0.899439214283
2016_1242_1344,0.893194292326
2016_1242_1345,0.750631497226
2016_1242_1355,0.933564787367
2016_1242_1371,0.859218209417
2016_1242_1372,0.920309587715
2016_1242_1380,0.99555578503
2016_1242_1386,0.880202475273
2016_1242_1392,0.937487034634
2016_1242_1393,0.900794212361
2016_1242_1396,0.915919736271
2016_1242_1400,0.868234249608
2016_1242_1401,0.8324636491
2016_1242_1403,0.90577683715
2016_1242_1409,0.930330159073
2016_1242_1421,0.981054003961
2016_1242_1423,0.947937156035
2016_1242_1425,0.914431633758
2016_1242_1428,0.779122610137
2016_1242_1433,0.886011874423
2016_1242_1435,0.919472232336
2016_1242_1437,0.732370805716
2016_1242_1438,0.703453026745
2016_1242_1451,0.989474018381
2016_1242_1452,0.774429789036
2016_1242_1453,0.97877800871
2016_1242_1455,0.88693711456
2016_1242_1458,0.90245007953
2016_1242_1462,0.769676633121
2016_1242_1463,0.937380787937
2016_1246_1268,0.631919090263
2016_1246_1274,0.580022721397
2016_1246_1276,0.780498574636
2016_1246_1277,0.443656398467
2016_1246_1292,0.937472250326
2016_1246_1314,0.386650994098
2016_1246_1320,0.889895051922
2016_1246_1323,0.694049781314
2016_1246_1328,0.567259000842
2016_1246_1332,0.534753983574
2016_1246_1333,0.781005909651
2016_1246_1338,0.735128425767
2016_1246_1344,0.740982409619
2016_1246_1345,0.560895798277
2016_1246_1355,0.882055727354
2016_1246_1371,0.684267137386
2016_1246_1372,0.819563164201
2016_1246_1380,0.99149877854
2016_1246_1386,0.737498257474
2016_1246_1392,0.893676347929
2016_1246_1393,0.763230734016
2016_1246_1396,0.835147459455
2016_1246_1400,0.708483863146
2016_1246_1401,0.603481229839
2016_1246_1403,0.784536922823
2016_1246_1409,0.843237876453
2016_1246_1421,0.956628412282
2016_1246_1423,0.883862757932
2016_1246_1425,0.772932376998
2016_1246_1428,0.644895594684
2016_1246_1433,0.726627834048
2016_1246_1435,0.773804286028
2016_1246_1437,0.493787252273
2016_1246_1438,0.52012625173
2016_1246_1451,0.969939985066
2016_1246_1452,0.520276111645
2016_1246_1453,0.944209745109
2016_1246_1455,0.712265573621
2016_1246_1458,0.726131620423
2016_1246_1462,0.607838618772
2016_1246_1463,0.848707152814
2016_1268_1274,0.442486202945
2016_1268_1276,0.67368886965
2016_1268_1277,0.342148597701
2016_1268_1292,0.894108943295
2016_1268_1314,0.265791379406
2016_1268_1320,0.828691728984
2016_1268_1323,0.551804565296
2016_1268_1328,0.441146700994
2016_1268_1332,0.400001533357
2016_1268_1333,0.678074261769
2016_1268_1338,0.605794442193
2016_1268_1344,0.617784780861
2016_1268_1345,0.471036516756
2016_1268_1355,0.818701801707
2016_1268_1371,0.552538105761
2016_1268_1372,0.715838218272
2016_1268_1380,0.985987839614
2016_1268_1386,0.603737388357
2016_1268_1392,0.819672024318
2016_1268_1393,0.665074552416
2016_1268_1396,0.725737685592
2016_1268_1400,0.582333302444
2016_1268_1401,0.469443439409
2016_1268_1403,0.664102889306
2016_1268_1409,0.744148413248
2016_1268_1421,0.935325675689
2016_1268_1423,0.806118115111
2016_1268_1425,0.658484724591
2016_1268_1428,0.509050871321
2016_1268_1433,0.597326191997
2016_1268_1435,0.708717001099
2016_1268_1437,0.37972471902
2016_1268_1438,0.38999130209
2016_1268_1451,0.957759298933
2016_1268_1452,0.341157660957
2016_1268_1453,0.913619168213
2016_1268_1455,0.587766786074
2016_1268_1458,0.619891873708
2016_1268_1462,0.456025563228
2016_1268_1463,0.734559337183
2016_1274_1276,0.716398373981
2016_1274_1277,0.409792188949
2016_1274_1292,0.92318726165
2016_1274_1314,0.366441587507
2016_1274_1320,0.864420289661
2016_1274_1323,0.627869717568
2016_1274_1328,0.51907327334
2016_1274_1332,0.492974240114
2016_1274_1333,0.738958409423
2016_1274_1338,0.682379610219
2016_1274_1344,0.686059549253
2016_1274_1345,0.519541049234
2016_1274_1355,0.859339327288
2016_1274_1371,0.627055171463
2016_1274_1372,0.773567880526
2016_1274_1380,0.985338018696
2016_1274_1386,0.6639748899
2016_1274_1392,0.847796246096
2016_1274_1393,0.726944675771
2016_1274_1396,0.770500789707
2016_1274_1400,0.660229913578
2016_1274_1401,0.542731341589
2016_1274_1403,0.743352615874
2016_1274_1409,0.785139068796
2016_1274_1421,0.947085732625
2016_1274_1423,0.838427695144
2016_1274_1425,0.720965981432
2016_1274_1428,0.574099752989
2016_1274_1433,0.663052200071
2016_1274_1435,0.75088402651
2016_1274_1437,0.42584639394
2016_1274_1438,0.462338950599
2016_1274_1451,0.964971661984
2016_1274_1452,0.446060964301
2016_1274_1453,0.930441231075
2016_1274_1455,0.659821721377
2016_1274_1458,0.716172092058
2016_1274_1462,0.544498891756
2016_1274_1463,0.802792636126
2016_1276_1277,0.214410419753
2016_1276_1292,0.748346693945
2016_1276_1314,0.157742651104
2016_1276_1320,0.677733921923
2016_1276_1323,0.407136432633
2016_1276_1328,0.279316325924
2016_1276_1332,0.242181499373
2016_1276_1333,0.472392769934
2016_1276_1338,0.413790714559
2016_1276_1344,0.40910333731
2016_1276_1345,0.279684341206
2016_1276_1355,0.614277508812
2016_1276_1371,0.368957888869
2016_1276_1372,0.487768993988
2016_1276_1380,0.948131134587
2016_1276_1386,0.393165047173
2016_1276_1392,0.640087883728
2016_1276_1393,0.482859247422
2016_1276_1396,0.542140944361
2016_1276_1400,0.401889089567
2016_1276_1401,0.310274201092
2016_1276_1403,0.467075262383
2016_1276_1409,0.533164943455
2016_1276_1421,0.829838128896
2016_1276_1423,0.586508818274
2016_1276_1425,0.452996433143
2016_1276_1428,0.327078531423
2016_1276_1433,0.410203255471
2016_1276_1435,0.463768612487
2016_1276_1437,0.218029010546
2016_1276_1438,0.239364537816
2016_1276_1451,0.879507515938
2016_1276_1452,0.186111598051
2016_1276_1453,0.78621931894
2016_1276_1455,0.374096355256
2016_1276_1458,0.412933781657
2016_1276_1462,0.261290045996
2016_1276_1463,0.547037384484
2016_1277_1292,0.96253189395
2016_1277_1314,0.513776834062
2016_1277_1320,0.927653542072
2016_1277_1323,0.773276799356
2016_1277_1328,0.704422028663
2016_1277_1332,0.663410086218
2016_1277_1333,0.853782725961
2016_1277_1338,0.843864410053
2016_1277_1344,0.840514082877
2016_1277_1345,0.712155435032
2016_1277_1355,0.918469540971
2016_1277_1371,0.791095257174
2016_1277_1372,0.887132048692
2016_1277_1380,0.995729711938
2016_1277_1386,0.801494395961
2016_1277_1392,0.9359389187
2016_1277_1393,0.838712525258
2016_1277_1396,0.895046986077
2016_1277_1400,0.81480041361
2016_1277_1401,0.732796968542
2016_1277_1403,0.834890865043
2016_1277_1409,0.906341859635
2016_1277_1421,0.976852397174
2016_1277_1423,0.93324848193
2016_1277_1425,0.866122451605
2016_1277_1428,0.728485556684
2016_1277_1433,0.798594008495
2016_1277_1435,0.878888068036
2016_1277_1437,0.603658836286
2016_1277_1438,0.665335403761
2016_1277_1451,0.9885174507
2016_1277_1452,0.649989819307
2016_1277_1453,0.973511510524
2016_1277_1455,0.830307385928
2016_1277_1458,0.848341486053
2016_1277_1462,0.732395671617
2016_1277_1463,0.907665383571
2016_1292_1314,0.0608143530782
2016_1292_1320,0.421577538634
2016_1292_1323,0.196952531878
2016_1292_1328,0.105965358267
2016_1292_1332,0.0977694517901
2016_1292_1333,0.264516561292
2016_1292_1338,0.212667661249
2016_1292_1344,0.195146945382
2016_1292_1345,0.109896144227
2016_1292_1355,0.351656233808
2016_1292_1371,0.173477940221
2016_1292_1372,0.272566323377
2016_1292_1380,0.876855740437
2016_1292_1386,0.19954183688
2016_1292_1392,0.400289319517
2016_1292_1393,0.27067371818
2016_1292_1396,0.317227978011
2016_1292_1400,0.187107551012
2016_1292_1401,0.129503120628
2016_1292_1403,0.237547648577
2016_1292_1409,0.293684280158
2016_1292_1421,0.5790764563
2016_1292_1423,0.325745002216
2016_1292_1425,0.244917203426
2016_1292_1428,0.141464299284
2016_1292_1433,0.204037976623
2016_1292_1435,0.267342654386
2016_1292_1437,0.0809396416508
2016_1292_1438,0.0826930728875
2016_1292_1451,0.669598166624
2016_1292_1452,0.0623186325119
2016_1292_1453,0.531513655343
2016_1292_1455,0.177662095902
2016_1292_1458,0.208495592457
2016_1292_1462,0.0989131994207
2016_1292_1463,0.301846399852
2016_1314_1320,0.930156222164
2016_1314_1323,0.796583481003
2016_1314_1328,0.716854696656
2016_1314_1332,0.700063364749
2016_1314_1333,0.861812954033
2016_1314_1338,0.845527330392
2016_1314_1344,0.857339836132
2016_1314_1345,0.737199414126
2016_1314_1355,0.922207964828
2016_1314_1371,0.817112478613
2016_1314_1372,0.894793707761
2016_1314_1380,0.996696226312
2016_1314_1386,0.838810464284
2016_1314_1392,0.929323333032
2016_1314_1393,0.849439576635
2016_1314_1396,0.895797730913
2016_1314_1400,0.83364381481
2016_1314_1401,0.758898976365
2016_1314_1403,0.871437259995
2016_1314_1409,0.896229521742
2016_1314_1421,0.976861709112
2016_1314_1423,0.935555904848
2016_1314_1425,0.862200641829
2016_1314_1428,0.742248254107
2016_1314_1433,0.835522900309
2016_1314_1435,0.88884703827
2016_1314_1437,0.632747765391
2016_1314_1438,0.679720681854
2016_1314_1451,0.984541758388
2016_1314_1452,0.655090505584
2016_1314_1453,0.969608064044
2016_1314_1455,0.818624388519
2016_1314_1458,0.845174667983
2016_1314_1462,0.756627794781
2016_1314_1463,0.915901381612
2016_1320_1323,0.252364414441
2016_1320_1328,0.154992886823
2016_1320_1332,0.145391201029
2016_1320_1333,0.328282693251
2016_1320_1338,0.265692018216
2016_1320_1344,0.262070451849
2016_1320_1345,0.168503724482
2016_1320_1355,0.43601828104
2016_1320_1371,0.227657703763
2016_1320_1372,0.344040064838
2016_1320_1380,0.896830380483
2016_1320_1386,0.253364506079
2016_1320_1392,0.482713697304
2016_1320_1393,0.331025102484
2016_1320_1396,0.386408384781
2016_1320_1400,0.247404540238
2016_1320_1401,0.175071612516
2016_1320_1403,0.297094019371
2016_1320_1409,0.370526106566
2016_1320_1421,0.712394473507
2016_1320_1423,0.417325862705
2016_1320_1425,0.30292381371
2016_1320_1428,0.192520330727
2016_1320_1433,0.268715094974
2016_1320_1435,0.318961366217
2016_1320_1437,0.120880673252
2016_1320_1438,0.129297131393
2016_1320_1451,0.773801338485
2016_1320_1452,0.10245879591
2016_1320_1453,0.632019225258
2016_1320_1455,0.224627290497
2016_1320_1458,0.27500178829
2016_1320_1462,0.153726627121
2016_1320_1463,0.368697370664
2016_1323_1328,0.382713297529
2016_1323_1332,0.331779673135
2016_1323_1333,0.599234323358
2016_1323_1338,0.542305502719
2016_1323_1344,0.532026574896
2016_1323_1345,0.386746412224
2016_1323_1355,0.761646051613
2016_1323_1371,0.472726744811
2016_1323_1372,0.627965931418
2016_1323_1380,0.977441119637
2016_1323_1386,0.50640931051
2016_1323_1392,0.75080609688
2016_1323_1393,0.573608570687
2016_1323_1396,0.667328754765
2016_1323_1400,0.515211706082
2016_1323_1401,0.40055783204
2016_1323_1403,0.574939643274
2016_1323_1409,0.662804998767
2016_1323_1421,0.897814038553
2016_1323_1423,0.725853351462
2016_1323_1425,0.583333678147
2016_1323_1428,0.431765648457
2016_1323_1433,0.518942791709
2016_1323_1435,0.598014118494
2016_1323_1437,0.302849723007
2016_1323_1438,0.327252444319
2016_1323_1451,0.934323740924
2016_1323_1452,0.25901621228
2016_1323_1453,0.872595805231
2016_1323_1455,0.499254460492
2016_1323_1458,0.557470064398
2016_1323_1462,0.377363143835
2016_1323_1463,0.668998903974
2016_1328_1332,0.550643148573
2016_1328_1333,0.83600678046
2016_1328_1338,0.790490380406
2016_1328_1344,0.800650831445
2016_1328_1345,0.618865851984
2016_1328_1355,0.912854825051
2016_1328_1371,0.729026749317
2016_1328_1372,0.859120144579
2016_1328_1380,0.995130326379
2016_1328_1386,0.770862448939
2016_1328_1392,0.912789494435
2016_1328_1393,0.812645475564
2016_1328_1396,0.849134911538
2016_1328_1400,0.753664456152
2016_1328_1401,0.631932370458
2016_1328_1403,0.798911148641
2016_1328_1409,0.868870704763
2016_1328_1421,0.971597504134
2016_1328_1423,0.911828348528
2016_1328_1425,0.828747111757
2016_1328_1428,0.665478826686
2016_1328_1433,0.769223533646
2016_1328_1435,0.845841442299
2016_1328_1437,0.512261357694
2016_1328_1438,0.554612050008
2016_1328_1451,0.985146406417
2016_1328_1452,0.543373020281
2016_1328_1453,0.962105180754
2016_1328_1455,0.765750269326
2016_1328_1458,0.806314342526
2016_1328_1462,0.643775066241
2016_1328_1463,0.886563251988
2016_1332_1333,0.795325434696
2016_1332_1338,0.740665500585
2016_1332_1344,0.753561714999
2016_1332_1345,0.560818778499
2016_1332_1355,0.883292812961
2016_1332_1371,0.678862737688
2016_1332_1372,0.812179750797
2016_1332_1380,0.991017743119
2016_1332_1386,0.729268504306
2016_1332_1392,0.891854577046
2016_1332_1393,0.762053024736
2016_1332_1396,0.818182638486
2016_1332_1400,0.712089942077
2016_1332_1401,0.590662771013
2016_1332_1403,0.780049059527
2016_1332_1409,0.840648741427
2016_1332_1421,0.956025614248
2016_1332_1423,0.877031332091
2016_1332_1425,0.763512637889
2016_1332_1428,0.630847747739
2016_1332_1433,0.725983416688
2016_1332_1435,0.797343673103
2016_1332_1437,0.468061330674
2016_1332_1438,0.507793981436
2016_1332_1451,0.969468541445
2016_1332_1452,0.475548934013
2016_1332_1453,0.943813184862
2016_1332_1455,0.696892513485
2016_1332_1458,0.752903103308
2016_1332_1462,0.604078356004
2016_1332_1463,0.850784234033
2016_1333_1338,0.393414645855
2016_1333_1344,0.402428338483
2016_1333_1345,0.261755102939
2016_1333_1355,0.595202997996
2016_1333_1371,0.333805052639
2016_1333_1372,0.477617201142
2016_1333_1380,0.950281103082
2016_1333_1386,0.37183638179
2016_1333_1392,0.627289715002
2016_1333_1393,0.447102050719
2016_1333_1396,0.507278410364
2016_1333_1400,0.35149635571
2016_1333_1401,0.275903751164
2016_1333_1403,0.434045478342
2016_1333_1409,0.513881421145
2016_1333_1421,0.82738978945
2016_1333_1423,0.576247550414
2016_1333_1425,0.440860852627
2016_1333_1428,0.303051374658
2016_1333_1433,0.377397147803
2016_1333_1435,0.451561237732
2016_1333_1437,0.206256429981
2016_1333_1438,0.200462606971
2016_1333_1451,0.877163376308
2016_1333_1452,0.14968615854
2016_1333_1453,0.776971037123
2016_1333_1455,0.335328450237
2016_1333_1458,0.381903737947
2016_1333_1462,0.241014366554
2016_1333_1463,0.508403320799
2016_1338_1344,0.477128972432
2016_1338_1345,0.317805401356
2016_1338_1355,0.698711254819
2016_1338_1371,0.393591473914
2016_1338_1372,0.573597780196
2016_1338_1380,0.974148116579
2016_1338_1386,0.456881348504
2016_1338_1392,0.701451325623
2016_1338_1393,0.517638111228
2016_1338_1396,0.602425449711
2016_1338_1400,0.433988128877
2016_1338_1401,0.327983277399
2016_1338_1403,0.499292902858
2016_1338_1409,0.61067043402
2016_1338_1421,0.888399877098
2016_1338_1423,0.682724410927
2016_1338_1425,0.510869165223
2016_1338_1428,0.361758195086
2016_1338_1433,0.446869334523
2016_1338_1435,0.534185265644
2016_1338_1437,0.242590111864
2016_1338_1438,0.258632301302
2016_1338_1451,0.917018103354
2016_1338_1452,0.195121763549
2016_1338_1453,0.850106983746
2016_1338_1455,0.424970474509
2016_1338_1458,0.469724727045
2016_1338_1462,0.29828803382
2016_1338_1463,0.618337945527
2016_1344_1345,0.307174360145
2016_1344_1355,0.651786893535
2016_1344_1371,0.38895500702
2016_1344_1372,0.542863130072
2016_1344_1380,0.966352334292
2016_1344_1386,0.422482491861
2016_1344_1392,0.674709763933
2016_1344_1393,0.492530337727
2016_1344_1396,0.55927352062
2016_1344_1400,0.396973628047
2016_1344_1401,0.324055492767
2016_1344_1403,0.471249031205
2016_1344_1409,0.563792776111
2016_1344_1421,0.865823494335
2016_1344_1423,0.637352091802
2016_1344_1425,0.480322160516
2016_1344_1428,0.351793187278
2016_1344_1433,0.434479032049
2016_1344_1435,0.505825753885
2016_1344_1437,0.246628656446
2016_1344_1438,0.254583132436
2016_1344_1451,0.901942874252
2016_1344_1452,0.190760845255
2016_1344_1453,0.820977406693
2016_1344_1455,0.401916477481
2016_1344_1458,0.445199883535
2016_1344_1462,0.276976521127
2016_1344_1463,0.573829119318
2016_1345_1355,0.869379650727
2016_1345_1371,0.632882346892
2016_1345_1372,0.793907227518
2016_1345_1380,0.990691475554
2016_1345_1386,0.699402378651
2016_1345_1392,0.878882090613
2016_1345_1393,0.735643676534
2016_1345_1396,0.815708940808
2016_1345_1400,0.66145442897
2016_1345_1401,0.566156087691
2016_1345_1403,0.754611601679
2016_1345_1409,0.824281896956
2016_1345_1421,0.952176435478
2016_1345_1423,0.869292012891
2016_1345_1425,0.744895914809
2016_1345_1428,0.59899029124
2016_1345_1433,0.6901264447
2016_1345_1435,0.76023407854
2016_1345_1437,0.451149735792
2016_1345_1438,0.478500773382
2016_1345_1451,0.966462142891
2016_1345_1452,0.481437839988
2016_1345_1453,0.93856343728
2016_1345_1455,0.689227740254
2016_1345_1458,0.702778226757
2016_1345_1462,0.546117271269
2016_1345_1463,0.811427529874
2016_1355_1371,0.272154741319
2016_1355_1372,0.421939270416
2016_1355_1380,0.933653932646
2016_1355_1386,0.338206347096
2016_1355_1392,0.560268124935
2016_1355_1393,0.385189570976
2016_1355_1396,0.442827039783
2016_1355_1400,0.311944685832
2016_1355_1401,0.223553432062
2016_1355_1403,0.37912438551
2016_1355_1409,0.452395313335
2016_1355_1421,0.760784294777
2016_1355_1423,0.511429579709
2016_1355_1425,0.386511510188
2016_1355_1428,0.261970973839
2016_1355_1433,0.322330659114
2016_1355_1435,0.411291055387
2016_1355_1437,0.161799838162
2016_1355_1438,0.164802347627
2016_1355_1451,0.829545341982
2016_1355_1452,0.130905603905
2016_1355_1453,0.724544503848
2016_1355_1455,0.293809228496
2016_1355_1458,0.334091329381
2016_1355_1462,0.191154678359
2016_1355_1463,0.458504780069
2016_1371_1372,0.670818726158
2016_1371_1380,0.981193746392
2016_1371_1386,0.576288583064
2016_1371_1392,0.784780619407
2016_1371_1393,0.582715108801
2016_1371_1396,0.69121015465
2016_1371_1400,0.532626488293
2016_1371_1401,0.427694418243
2016_1371_1403,0.625805748456
2016_1371_1409,0.712458778283
2016_1371_1421,0.917203724623
2016_1371_1423,0.765968774348
2016_1371_1425,0.611193044533
2016_1371_1428,0.463764312687
2016_1371_1433,0.535378566419
2016_1371_1435,0.61507164434
2016_1371_1437,0.316280122467
2016_1371_1438,0.352207650857
2016_1371_1451,0.945609957887
2016_1371_1452,0.278175189374
2016_1371_1453,0.892023235484
2016_1371_1455,0.530409992838
2016_1371_1458,0.565976937582
2016_1371_1462,0.415526013332
2016_1371_1463,0.697696313988
2016_1372_1380,0.941240574537
2016_1372_1386,0.312782527068
2016_1372_1392,0.607212630896
2016_1372_1393,0.388253286252
2016_1372_1396,0.504800377311
2016_1372_1400,0.298453314216
2016_1372_1401,0.233827022257
2016_1372_1403,0.366394181593
2016_1372_1409,0.45199593078
2016_1372_1421,0.753236615706
2016_1372_1423,0.527125559525
2016_1372_1425,0.360555044803
2016_1372_1428,0.249514484998
2016_1372_1433,0.312992830143
2016_1372_1435,0.388291451943
2016_1372_1437,0.162266207526
2016_1372_1438,0.177668530254
2016_1372_1451,0.832396613914
2016_1372_1452,0.117929043863
2016_1372_1453,0.724137174218
2016_1372_1455,0.28500282144
2016_1372_1458,0.328794473847
2016_1372_1462,0.183564031903
2016_1372_1463,0.437061179206
2016_1380_1386,0.0374601956399
2016_1380_1392,0.102851201121
2016_1380_1393,0.0536019271086
2016_1380_1396,0.0763487050748
2016_1380_1400,0.0326622697609
2016_1380_1401,0.0219863696614
2016_1380_1403,0.0462637198171
2016_1380_1409,0.0664812223001
2016_1380_1421,0.180049660002
2016_1380_1423,0.0682257903202
2016_1380_1425,0.0450340499747
2016_1380_1428,0.0259188340649
2016_1380_1433,0.0354768187059
2016_1380_1435,0.0529241375311
2016_1380_1437,0.0129765703157
2016_1380_1438,0.0127408448635
2016_1380_1451,0.296845721692
2016_1380_1452,0.00963002847356
2016_1380_1453,0.13383921702
2016_1380_1455,0.0317654728285
2016_1380_1458,0.0414476085021
2016_1380_1462,0.0211743448884
2016_1380_1463,0.0578264238179
2016_1386_1392,0.720827172994
2016_1386_1393,0.532121804702
2016_1386_1396,0.617776188702
2016_1386_1400,0.451392427849
2016_1386_1401,0.348540048676
2016_1386_1403,0.537281911454
2016_1386_1409,0.619577104292
2016_1386_1421,0.864671323848
2016_1386_1423,0.686467210613
2016_1386_1425,0.525787262684
2016_1386_1428,0.393124932246
2016_1386_1433,0.475115790778
2016_1386_1435,0.554240964096
2016_1386_1437,0.250644778187
2016_1386_1438,0.286114044952
2016_1386_1451,0.91308663291
2016_1386_1452,0.202469981521
2016_1386_1453,0.825453990338
2016_1386_1455,0.449528872551
2016_1386_1458,0.498924845941
2016_1386_1462,0.307072582043
2016_1386_1463,0.606540660209
2016_1392_1393,0.34744041815
2016_1392_1396,0.400284819095
2016_1392_1400,0.256557386281
2016_1392_1401,0.182174805646
2016_1392_1403,0.31619583534
2016_1392_1409,0.38271663489
2016_1392_1421,0.663647828629
2016_1392_1423,0.417620132935
2016_1392_1425,0.315653665373
2016_1392_1428,0.211287005961
2016_1392_1433,0.27240392204
2016_1392_1435,0.339383414257
2016_1392_1437,0.118523767241
2016_1392_1438,0.134857572466
2016_1392_1451,0.774688217636
2016_1392_1452,0.0994389945143
2016_1392_1453,0.613566115093
2016_1392_1455,0.234634673264
2016_1392_1458,0.277628037284
2016_1392_1462,0.153003002602
2016_1392_1463,0.37654998528
2016_1393_1396,0.545792780231
2016_1393_1400,0.404459860878
2016_1393_1401,0.321882073162
2016_1393_1403,0.474056769344
2016_1393_1409,0.561585918709
2016_1393_1421,0.846118672124
2016_1393_1423,0.621660316044
2016_1393_1425,0.471476804551
2016_1393_1428,0.34440213142
2016_1393_1433,0.421812041574
2016_1393_1435,0.484223613003
2016_1393_1437,0.235453843839
2016_1393_1438,0.22053670666
2016_1393_1451,0.887727231808
2016_1393_1452,0.192981257144
2016_1393_1453,0.811975853943
2016_1393_1455,0.388810042525
2016_1393_1458,0.43767753478
2016_1393_1462,0.281241186144
2016_1393_1463,0.563435742725
2016_1396_1400,0.335541416661
2016_1396_1401,0.26086277408
2016_1396_1403,0.396628725857
2016_1396_1409,0.481851239554
2016_1396_1421,0.75833193937
2016_1396_1423,0.524280933775
2016_1396_1425,0.405539983683
2016_1396_1428,0.284143068911
2016_1396_1433,0.354936349129
2016_1396_1435,0.429845838503
2016_1396_1437,0.179966127958
2016_1396_1438,0.1980066433
2016_1396_1451,0.836140965706
2016_1396_1452,0.163814891895
2016_1396_1453,0.723341099948
2016_1396_1455,0.31927926297
2016_1396_1458,0.365040500139
2016_1396_1462,0.23212970724
2016_1396_1463,0.480952888837
2016_1400_1401,0.420850042384
2016_1400_1403,0.597768407133
2016_1400_1409,0.687945511474
2016_1400_1421,0.909925427136
2016_1400_1423,0.751822346678
2016_1400_1425,0.61413674353
2016_1400_1428,0.460553020253
2016_1400_1433,0.544738161264
2016_1400_1435,0.621589262671
2016_1400_1437,0.32471361978
2016_1400_1438,0.323918252033
2016_1400_1451,0.939271028186
2016_1400_1452,0.293986228625
2016_1400_1453,0.889229452101
2016_1400_1455,0.531839466077
2016_1400_1458,0.558290258892
2016_1400_1462,0.411668035149
2016_1400_1463,0.684156801146
2016_1401_1403,0.673503979757
2016_1401_1409,0.741197321247
2016_1401_1421,0.935344585916
2016_1401_1423,0.803791488682
2016_1401_1425,0.658195112141
2016_1401_1428,0.507235606294
2016_1401_1433,0.601253700941
2016_1401_1435,0.675806561036
2016_1401_1437,0.372978864174
2016_1401_1438,0.403535016157
2016_1401_1451,0.956848217786
2016_1401_1452,0.359705249391
2016_1401_1453,0.91428487028
2016_1401_1455,0.570705008025
2016_1401_1458,0.608968118124
2016_1401_1462,0.464568874266
2016_1401_1463,0.737066842278
2016_1403_1409,0.585748180046
2016_1403_1421,0.873661804959
2016_1403_1423,0.666519651764
2016_1403_1425,0.509910335799
2016_1403_1428,0.379580062865
2016_1403_1433,0.442389185555
2016_1403_1435,0.520054904819
2016_1403_1437,0.259459529663
2016_1403_1438,0.265439155655
2016_1403_1451,0.914760174842
2016_1403_1452,0.215305383737
2016_1403_1453,0.833124963182
2016_1403_1455,0.407225103534
2016_1403_1458,0.457040939852
2016_1403_1462,0.311993719102
2016_1403_1463,0.579364795932
2016_1409_1421,0.768723952835
2016_1409_1423,0.507894281606
2016_1409_1425,0.367393734526
2016_1409_1428,0.256728013432
2016_1409_1433,0.31900325472
2016_1409_1435,0.396245895627
2016_1409_1437,0.167679078212
2016_1409_1438,0.159988851054
2016_1409_1451,0.827395359196
2016_1409_1452,0.123820746737
2016_1409_1453,0.737697487784
2016_1409_1455,0.296812899071
2016_1409_1458,0.338518632358
2016_1409_1462,0.193700306954
2016_1409_1463,0.436480936521
2016_1421_1423,0.234918406953
2016_1421_1425,0.154474917211
2016_1421_1428,0.0971370755907
2016_1421_1433,0.120964626169
2016_1421_1435,0.197425252367
2016_1421_1437,0.0548134203693
2016_1421_1438,0.0545539432438
2016_1421_1451,0.587155996494
2016_1421_1452,0.0411608363192
2016_1421_1453,0.413294933643
2016_1421_1455,0.110988527713
2016_1421_1458,0.134840794567
2016_1421_1462,0.0604926731455
2016_1421_1463,0.190891111227
2016_1423_1425,0.372554932769
2016_1423_1428,0.243384564485
2016_1423_1433,0.310634930641
2016_1423_1435,0.394707969112
2016_1423_1437,0.170433612885
2016_1423_1438,0.158174970905
2016_1423_1451,0.821474590271
2016_1423_1452,0.124730694833
2016_1423_1453,0.71257942639
2016_1423_1455,0.289175415408
2016_1423_1458,0.30953177545
2016_1423_1462,0.18364281618
2016_1423_1463,0.422902005828
2016_1425_1428,0.347362384638
2016_1425_1433,0.421200255549
2016_1425_1435,0.503294880196
2016_1425_1437,0.232148218156
2016_1425_1438,0.244294486692
2016_1425_1451,0.912143270338
2016_1425_1452,0.182178013628
2016_1425_1453,0.832763708961
2016_1425_1455,0.396197145434
2016_1425_1458,0.436299580475
2016_1425_1462,0.275682983577
2016_1425_1463,0.583779765121
2016_1428_1433,0.60807634435
2016_1428_1435,0.682134781357
2016_1428_1437,0.385887070189
2016_1428_1438,0.402396550617
2016_1428_1451,0.959497677839
2016_1428_1452,0.396934841845
2016_1428_1453,0.919231501994
2016_1428_1455,0.593753767219
2016_1428_1458,0.62895190322
2016_1428_1462,0.46096859962
2016_1428_1463,0.762207394198
2016_1433_1435,0.504828034638
2016_1433_1437,0.22929889252
2016_1433_1438,0.268469801785
2016_1433_1451,0.912305502206
2016_1433_1452,0.229206617527
2016_1433_1453,0.834537992683
2016_1433_1455,0.411731249017
2016_1433_1458,0.474582530966
2016_1433_1462,0.310778278072
2016_1433_1463,0.586927454933
2016_1435_1437,0.258070963925
2016_1435_1438,0.255688684319
2016_1435_1451,0.922204595867
2016_1435_1452,0.218998215088
2016_1435_1453,0.846629534965
2016_1435_1455,0.431482630943
2016_1435_1458,0.455416672605
2016_1435_1462,0.321993468128
2016_1435_1463,0.610059114902
2016_1437_1438,0.567616883602
2016_1437_1451,0.978890955942
2016_1437_1452,0.560898534601
2016_1437_1453,0.950720255193
2016_1437_1455,0.732892559148
2016_1437_1458,0.773639107108
2016_1437_1462,0.642068626795
2016_1437_1463,0.865792104557
2016_1438_1451,0.982777730733
2016_1438_1452,0.628346010933
2016_1438_1453,0.965023418276
2016_1438_1455,0.793435874605
2016_1438_1458,0.822751366559
2016_1438_1462,0.713841512086
2016_1438_1463,0.899080979437
2016_1451_1452,0.0434724150238
2016_1451_1453,0.450570958404
2016_1451_1455,0.144200685362
2016_1451_1458,0.171394130493
2016_1451_1462,0.0730704032936
2016_1451_1463,0.238264975073
2016_1452_1453,0.942702098311
2016_1452_1455,0.681105615719
2016_1452_1458,0.723957031864
2016_1452_1462,0.574649218253
2016_1452_1463,0.831926514453
2016_1453_1455,0.155851479889
2016_1453_1458,0.201499364234
2016_1453_1462,0.0817895431212
2016_1453_1463,0.258257606005
2016_1455_1458,0.47882401935
2016_1455_1462,0.357474370093
2016_1455_1463,0.641229159768
2016_1458_1462,0.342780056948
2016_1458_1463,0.59897900227
2016_1462_1463,0.81714016489
