Id,Pred
2016_1112_1114,0.7594850767802821
2016_1112_1122,0.9417571007813329
2016_1112_1124,0.5565900094590559
2016_1112_1138,0.8663569459861362
2016_1112_1139,0.6382853198644397
2016_1112_1143,0.5466613938838687
2016_1112_1151,0.8250124144430891
2016_1112_1153,0.6124017698364552
2016_1112_1160,0.6764760508462929
2016_1112_1163,0.5838053981931562
2016_1112_1167,0.8552930816676906
2016_1112_1173,0.6506046358418578
2016_1112_1181,0.525915936772649
2016_1112_1192,0.9521124734115827
2016_1112_1195,0.9311303925932665
2016_1112_1201,0.8140876878617729
2016_1112_1211,0.5636980880186584
2016_1112_1214,0.9479390852337619
2016_1112_1218,0.762327668798026
2016_1112_1221,0.938558197563705
2016_1112_1231,0.5
2016_1112_1233,0.7628242801507353
2016_1112_1234,0.5568799865336586
2016_1112_1235,0.5582773538779795
2016_1112_1242,0.4239915312727235
2016_1112_1246,0.4622822839803099
2016_1112_1268,0.5186810442487485
2016_1112_1274,0.49425220372357803
2016_1112_1276,0.667262634094812
2016_1112_1277,0.43143576533608613
2016_1112_1292,0.8523446602172015
2016_1112_1314,0.4307726220348047
2016_1112_1320,0.7596840147712631
2016_1112_1323,0.5994009391405537
2016_1112_1328,0.47367988189295307
2016_1112_1332,0.4645594013768955
2016_1112_1333,0.7162906340207044
2016_1112_1338,0.6450101947358013
2016_1112_1344,0.6498161204585254
2016_1112_1345,0.4681260515055227
2016_1112_1355,0.8139789306749378
2016_1112_1371,0.5784423530577264
2016_1112_1372,0.6311498838193963
2016_1112_1380,0.9508365347938142
2016_1112_1386,0.6204233224035965
2016_1112_1392,0.795674813109056
2016_1112_1393,0.647291045088688
2016_1112_1396,0.7667350455146363
2016_1112_1400,0.603404411940645
2016_1112_1401,0.5051151175583793
2016_1112_1403,0.6820998607378882
2016_1112_1409,0.7263638216728426
2016_1112_1421,0.8673243092582803
2016_1112_1423,0.7922057823451312
2016_1112_1425,0.676043657403413
2016_1112_1428,0.5066475042943374
2016_1112_1433,0.6236761080787153
2016_1112_1435,0.6186562433122945
2016_1112_1437,0.4504843153889249
2016_1112_1438,0.4348131456603547
2016_1112_1451,0.9109012042221116
2016_1112_1452,0.473500022572083
2016_1112_1453,0.8472693117309933
2016_1112_1455,0.5510276939354354
2016_1112_1458,0.609318416031777
2016_1112_1462,0.491188898861118
2016_1112_1463,0.6453258394663897
2016_1114_1122,0.8236340580509993
2016_1114_1124,0.24243911781869476
2016_1114_1138,0.6150080765232302
2016_1114_1139,0.3065184585494179
2016_1114_1143,0.23462037662924354
2016_1114_1151,0.5280243232921659
2016_1114_1153,0.28571684558300003
2016_1114_1160,0.3432793356786708
2016_1114_1163,0.26316603497594876
2016_1114_1167,0.59212585013984
2016_1114_1173,0.31515211255583336
2016_1114_1181,0.22254299442677322
2016_1114_1192,0.8671590361168833
2016_1114_1195,0.7900164205058933
2016_1114_1201,0.5154493379231931
2016_1114_1211,0.25051848854352976
2016_1114_1214,0.8397261374789095
2016_1114_1218,0.44136843273111365
2016_1114_1221,0.849961471968981
2016_1114_1231,0.2062783324798516
2016_1114_1233,0.44369664384640206
2016_1114_1234,0.24353871991989937
2016_1114_1235,0.24314834697441656
2016_1114_1242,0.16310352809969075
2016_1114_1246,0.18424546021412222
2016_1114_1268,0.21744934423394144
2016_1114_1274,0.2017412692828635
2016_1114_1276,0.3395714134392156
2016_1114_1277,0.16771549726273283
2016_1114_1292,0.5863159499088292
2016_1114_1314,0.16701950569774157
2016_1114_1320,0.43918963590327004
2016_1114_1323,0.27386493455764727
2016_1114_1328,0.18999285883692762
2016_1114_1332,0.18428564170208875
2016_1114_1333,0.38056102412465237
2016_1114_1338,0.31463757703383555
2016_1114_1344,0.31614379718973457
2016_1114_1345,0.1874551021243443
2016_1114_1355,0.5
2016_1114_1371,0.2558968728585168
2016_1114_1372,0.30161649259899465
2016_1114_1380,0.852573721039907
2016_1114_1386,0.28732684004211495
2016_1114_1392,0.48694640234451586
2016_1114_1393,0.31808902284879637
2016_1114_1396,0.44374261334634363
2016_1114_1400,0.2754975104440466
2016_1114_1401,0.20885963788323178
2016_1114_1403,0.3458517648336785
2016_1114_1409,0.39537898586019093
2016_1114_1421,0.6221293473538709
2016_1114_1423,0.474380017699781
2016_1114_1425,0.3448340813734568
2016_1114_1428,0.2094073914337343
2016_1114_1433,0.29132121206395356
2016_1114_1435,0.291831487268106
2016_1114_1437,0.17721515443037908
2016_1114_1438,0.1687598856992449
2016_1114_1451,0.712096555642818
2016_1114_1452,0.1900241792928458
2016_1114_1453,0.5806466021198832
2016_1114_1455,0.24185323612594115
2016_1114_1458,0.281790152334147
2016_1114_1462,0.19963300082675425
2016_1114_1463,0.3121157926778045
2016_1122_1124,0.12068322405992712
2016_1122_1138,0.24261547752803522
2016_1122_1139,0.14483423521152328
2016_1122_1143,0.11652005293641665
2016_1122_1151,0.20825571978992694
2016_1122_1153,0.1347031025922793
2016_1122_1160,0.14972504184275753
2016_1122_1163,0.12676008353124604
2016_1122_1167,0.23043555184220912
2016_1122_1173,0.1411315390043726
2016_1122_1181,0.11664568728502751
2016_1122_1192,0.5701425855790261
2016_1122_1195,0.4024140282919894
2016_1122_1201,0.20704968286597303
2016_1122_1211,0.12599633581948685
2016_1122_1214,0.4793839378894082
2016_1122_1218,0.18580306162367075
2016_1122_1221,0.5889431509349012
2016_1122_1231,0.1113654824578342
2016_1122_1233,0.16993195801047092
2016_1122_1234,0.12233641892241329
2016_1122_1235,0.12158233290038487
2016_1122_1242,0.09769781739881087
2016_1122_1246,0.1038926930035416
2016_1122_1268,0.11306046173251327
2016_1122_1274,0.10874655453801378
2016_1122_1276,0.15517937984807523
2016_1122_1277,0.09958006674837351
2016_1122_1292,0.2371688006639056
2016_1122_1314,0.09922795030076578
2016_1122_1320,0.17835352884335803
2016_1122_1323,0.13006854965399603
2016_1122_1328,0.10632180019608294
2016_1122_1332,0.10207227407226763
2016_1122_1333,0.15926895889527257
2016_1122_1338,0.14675364355628936
2016_1122_1344,0.1424495080418957
2016_1122_1345,0.10443850438567431
2016_1122_1355,0.1932421712578663
2016_1122_1371,0.12259893067914111
2016_1122_1372,0.12999534861013087
2016_1122_1380,0.5052830849934233
2016_1122_1386,0.13063183045934923
2016_1122_1392,0.19338926807950899
2016_1122_1393,0.14427978321362664
2016_1122_1396,0.17879822092166753
2016_1122_1400,0.13034312956244462
2016_1122_1401,0.11024691976838741
2016_1122_1403,0.1475325012279911
2016_1122_1409,0.16295443686067404
2016_1122_1421,0.24189230323801142
2016_1122_1423,0.18415008315253714
2016_1122_1425,0.1532442167756434
2016_1122_1428,0.10963530369581159
2016_1122_1433,0.13181880183317754
2016_1122_1435,0.13905617774581186
2016_1122_1437,0.10233402997574338
2016_1122_1438,0.09897768008770079
2016_1122_1451,0.3069163513653073
2016_1122_1452,0.10618301250019989
2016_1122_1453,0.23018685344551387
2016_1122_1455,0.12071200346288874
2016_1122_1458,0.13082705889394133
2016_1122_1462,0.10762320218544089
2016_1122_1463,0.1316858232804792
2016_1124_1138,0.8353536015660433
2016_1124_1139,0.5791570224152081
2016_1124_1143,0.4875279410171295
2016_1124_1151,0.7858878418744528
2016_1124_1153,0.5536994316855264
2016_1124_1160,0.6232480969726497
2016_1124_1163,0.5251015645032929
2016_1124_1167,0.8224483239892435
2016_1124_1173,0.5944043440903598
2016_1124_1181,0.46744686662463825
2016_1124_1192,0.9425086225759984
2016_1124_1195,0.915592550696946
2016_1124_1201,0.7739194296434372
2016_1124_1211,0.505519758885697
2016_1124_1214,0.9361458766234075
2016_1124_1218,0.7156698129186535
2016_1124_1221,0.9279063483459559
2016_1124_1231,0.44106608679296044
2016_1124_1233,0.7163818031448358
2016_1124_1234,0.5
2016_1124_1235,0.5
2016_1124_1242,0.3704382075633097
2016_1124_1246,0.4060928901640696
2016_1124_1268,0.4601832556282862
2016_1124_1274,0.43625002315548617
2016_1124_1276,0.6139366178704613
2016_1124_1277,0.3774816171059019
2016_1124_1292,0.8187932150010481
2016_1124_1314,0.3767621208437136
2016_1124_1320,0.7127925672844903
2016_1124_1323,0.5403288665935375
2016_1124_1328,0.4166548802870042
2016_1124_1332,0.40783969565864225
2016_1124_1333,0.6637557470802101
2016_1124_1338,0.5894177274220809
2016_1124_1344,0.5939091629493893
2016_1124_1345,0.4115601134074188
2016_1124_1355,0.7725473989058725
2016_1124_1371,0.5188755760340011
2016_1124_1372,0.5724434725444193
2016_1124_1380,0.9401199847394154
2016_1124_1386,0.5604640696125199
2016_1124_1392,0.7530420115757461
2016_1124_1393,0.5921788264228753
2016_1124_1396,0.7198570937537869
2016_1124_1400,0.5439831414209284
2016_1124_1401,0.44689828790996033
2016_1124_1403,0.6291342868171803
2016_1124_1409,0.6755087649796537
2016_1124_1421,0.8371682649646849
2016_1124_1423,0.7480540343898664
2016_1124_1425,0.6232631883591122
2016_1124_1428,0.4482138338116727
2016_1124_1433,0.5640728904502806
2016_1124_1435,0.5601972619986506
2016_1124_1437,0.39488765170012136
2016_1124_1438,0.3803631060957964
2016_1124_1451,0.8888467369442081
2016_1124_1452,0.4165274480573931
2016_1124_1453,0.8133384169397426
2016_1124_1455,0.4930713746682296
2016_1124_1458,0.5502648327552095
2016_1124_1462,0.43318704032831284
2016_1124_1463,0.5891754935903795
2016_1138_1139,0.22171058328814128
2016_1138_1143,0.1698973008776074
2016_1138_1151,0.3870793856670466
2016_1138_1153,0.20592436632401784
2016_1138_1160,0.24344934300486584
2016_1138_1163,0.19004972960185942
2016_1138_1167,0.43968053841748855
2016_1138_1173,0.2252905000669079
2016_1138_1181,0.16364717475092452
2016_1138_1192,0.7968826712563503
2016_1138_1195,0.6703052757166549
2016_1138_1201,0.37870058684789204
2016_1138_1211,0.18312119382038472
2016_1138_1214,0.7454906672240372
2016_1138_1218,0.3189970471268473
2016_1138_1221,0.7890756565187629
2016_1138_1231,0.15272433480847142
2016_1138_1233,0.3145320020034325
2016_1138_1234,0.17746767922282253
2016_1138_1235,0.17671259917969748
2016_1138_1242,0.12383615155183307
2016_1138_1246,0.13764169429730477
2016_1138_1268,0.15966985728406496
2016_1138_1274,0.14913824837242307
2016_1138_1276,0.24429368941346427
2016_1138_1277,0.12711897370462197
2016_1138_1292,0.4402935464264615
2016_1138_1314,0.12659470023515437
2016_1138_1320,0.3152714493085832
2016_1138_1323,0.19755658940570842
2016_1138_1328,0.14179357887712274
2016_1138_1332,0.13696433949318773
2016_1138_1333,0.2700149980077864
2016_1138_1338,0.22731705563180174
2016_1138_1344,0.2266393875474782
2016_1138_1345,0.13973204069260872
2016_1138_1355,0.36389919792728076
2016_1138_1371,0.18424265960827774
2016_1138_1372,0.21246383891157708
2016_1138_1380,0.7650341069691056
2016_1138_1386,0.20504771997969892
2016_1138_1392,0.3539930466498968
2016_1138_1393,0.22820218866692893
2016_1138_1396,0.31883136944113155
2016_1138_1400,0.19836265796999983
2016_1138_1401,0.15360377978855339
2016_1138_1403,0.24352406210835503
2016_1138_1409,0.28077115340058606
2016_1138_1421,0.4663430033623108
2016_1138_1423,0.3414974772934791
2016_1138_1425,0.24562940451446655
2016_1138_1428,0.15393921860908685
2016_1138_1433,0.20717699618218852
2016_1138_1435,0.21071184026186435
2016_1138_1437,0.1332501429597208
2016_1138_1438,0.12739363488290448
2016_1138_1451,0.5646484007064826
2016_1138_1452,0.14173487648459185
2016_1138_1453,0.43359861925675575
2016_1138_1455,0.1753540779110232
2016_1138_1458,0.20189956232411538
2016_1138_1462,0.14758682454133368
2016_1138_1463,0.2196148381992431
2016_1139_1143,0.4080877083064796
2016_1139_1151,0.7274208198401678
2016_1139_1153,0.47367789902275864
2016_1139_1160,0.5428254761519199
2016_1139_1163,0.4450540728013165
2016_1139_1167,0.7728009464706772
2016_1139_1173,0.5137681168737485
2016_1139_1181,0.389752860116098
2016_1139_1192,0.9308597642333576
2016_1139_1195,0.8931382780567351
2016_1139_1201,0.7143988197595412
2016_1139_1211,0.42661684939406347
2016_1139_1214,0.9206312664344328
2016_1139_1218,0.6460203921504647
2016_1139_1221,0.9161582224943026
2016_1139_1231,0.36602684360191523
2016_1139_1233,0.6490442433883907
2016_1139_1234,0.418796578164027
2016_1139_1235,0.419185510250832
2016_1139_1242,0.2981640575268051
2016_1139_1246,0.334654915566198
2016_1139_1268,0.38330387433282775
2016_1139_1274,0.3610957284509258
2016_1139_1276,0.5348262457791209
2016_1139_1277,0.30495086944528754
2016_1139_1292,0.7690451503831198
2016_1139_1314,0.30416980751932665
2016_1139_1320,0.6481848562464165
2016_1139_1323,0.46003489402652203
2016_1139_1328,0.3436702972338743
2016_1139_1332,0.33591143757092035
2016_1139_1333,0.5881986549067344
2016_1139_1338,0.5093770344947347
2016_1139_1344,0.5136404302843548
2016_1139_1345,0.33957876549718885
2016_1139_1355,0.7102366394089428
2016_1139_1371,0.43804416194823165
2016_1139_1372,0.4935343693966191
2016_1139_1380,0.9260887591985033
2016_1139_1386,0.4794865025004011
2016_1139_1392,0.6896859400975225
2016_1139_1393,0.5127563503866002
2016_1139_1396,0.6514152244989396
2016_1139_1400,0.4630219189115277
2016_1139_1401,0.37094406848580497
2016_1139_1403,0.5476635435516409
2016_1139_1409,0.6024540916093932
2016_1139_1421,0.7919609069449302
2016_1139_1423,0.682014707903918
2016_1139_1425,0.5428966862078751
2016_1139_1428,0.3723559237106236
2016_1139_1433,0.4832487976921275
2016_1139_1435,0.4800429094301056
2016_1139_1437,0.3207469451549716
2016_1139_1438,0.307377363100675
2016_1139_1451,0.8550305004166667
2016_1139_1452,0.3435835943644657
2016_1139_1453,0.7632169041478198
2016_1139_1455,0.41431382223888497
2016_1139_1458,0.46989502581820525
2016_1139_1462,0.35834699921918645
2016_1139_1463,0.5097088586780962
2016_1143_1151,0.7868418697957623
2016_1143_1153,0.555198747326568
2016_1143_1160,0.6249637471815137
2016_1143_1163,0.5266951989762209
2016_1143_1167,0.8227653050408046
2016_1143_1173,0.5961971989401799
2016_1143_1181,0.4691842694383701
2016_1143_1192,0.9415451035870673
2016_1143_1195,0.9150270437347088
2016_1143_1201,0.7746753091175544
2016_1143_1211,0.5069935304925604
2016_1143_1214,0.9355265473783835
2016_1143_1218,0.716851153986496
2016_1143_1221,0.9262803321625849
2016_1143_1231,0.44265661629118486
2016_1143_1233,0.7170170521205768
2016_1143_1234,0.5
2016_1143_1235,0.5
2016_1143_1242,0.37205235290551264
2016_1143_1246,0.4077198145937889
2016_1143_1268,0.46186136201198763
2016_1143_1274,0.4380456336544114
2016_1143_1276,0.6153477334335501
2016_1143_1277,0.37902874348906673
2016_1143_1292,0.8191356638832256
2016_1143_1314,0.3783543358208732
2016_1143_1320,0.7136158051939291
2016_1143_1323,0.5419901407034557
2016_1143_1328,0.41842865775522997
2016_1143_1332,0.40958648145120746
2016_1143_1333,0.6653705643733793
2016_1143_1338,0.5909888119734715
2016_1143_1344,0.5956043088001161
2016_1143_1345,0.41317023426417154
2016_1143_1355,0.7737546006451195
2016_1143_1371,0.5207892632548461
2016_1143_1372,0.5735046951724967
2016_1143_1380,0.9394230533281281
2016_1143_1386,0.5622806273915713
2016_1143_1392,0.753859679972384
2016_1143_1393,0.5935168995726006
2016_1143_1396,0.7209819980125284
2016_1143_1400,0.5458141967187987
2016_1143_1401,0.4486122617024174
2016_1143_1403,0.6310548151722434
2016_1143_1409,0.6767699523464539
2016_1143_1421,0.837189506123926
2016_1143_1423,0.7493046555670453
2016_1143_1425,0.6249104517720099
2016_1143_1428,0.44993427129507113
2016_1143_1433,0.565731876611315
2016_1143_1435,0.5616589401085827
2016_1143_1437,0.3965944863435316
2016_1143_1438,0.3819913308682048
2016_1143_1451,0.88903122866044
2016_1143_1452,0.41827789456892966
2016_1143_1453,0.813492733057854
2016_1143_1455,0.4945102284424489
2016_1143_1458,0.5518507147073811
2016_1143_1462,0.4349967961996285
2016_1143_1463,0.5904973742236819
2016_1151_1153,0.19758116947074036
2016_1151_1160,0.23800829324306239
2016_1151_1163,0.18079388596470422
2016_1151_1167,0.4575104749716321
2016_1151_1173,0.21845156874119373
2016_1151_1181,0.15196558235510466
2016_1151_1192,0.8052556563651774
2016_1151_1195,0.6920343770356666
2016_1151_1201,0.3858176408591599
2016_1151_1211,0.17233611342430474
2016_1151_1214,0.7601146212445257
2016_1151_1218,0.3204986542890999
2016_1151_1221,0.7903267206184015
2016_1151_1231,0.14068986799422803
2016_1151_1233,0.32100578311203587
2016_1151_1234,0.16681983939931563
2016_1151_1235,0.16624086779810296
2016_1151_1242,0.11085498703318139
2016_1151_1246,0.1252838622990312
2016_1151_1268,0.14813714987505378
2016_1151_1274,0.13713450370662902
2016_1151_1276,0.2366628126890487
2016_1151_1277,0.11412850273039989
2016_1151_1292,0.4529055032272423
2016_1151_1314,0.11359758502965518
2016_1151_1320,0.31803955684894064
2016_1151_1323,0.18843133608612914
2016_1151_1328,0.1292051606908586
2016_1151_1332,0.12494955180203875
2016_1151_1333,0.26770024333298603
2016_1151_1338,0.21945680786035673
2016_1151_1344,0.21961471072700076
2016_1151_1345,0.1274236036969969
2016_1151_1355,0.37305703163464526
2016_1151_1371,0.17475868993779395
2016_1151_1372,0.2085362660521891
2016_1151_1380,0.7797180716994061
2016_1151_1386,0.19744844016792704
2016_1151_1392,0.3608980221657555
2016_1151_1393,0.22188377389082253
2016_1151_1396,0.32088074900867314
2016_1151_1400,0.18936895935942022
2016_1151_1401,0.14206166584988794
2016_1151_1403,0.2392086954993632
2016_1151_1409,0.28058793488681005
2016_1151_1421,0.48768765946101417
2016_1151_1423,0.34823633944171783
2016_1151_1425,0.23996055734089522
2016_1151_1428,0.14232586518258966
2016_1151_1433,0.20057516487421875
2016_1151_1435,0.2024920361000336
2016_1151_1437,0.12047145132369261
2016_1151_1438,0.11464197682143415
2016_1151_1451,0.5880679847179131
2016_1151_1452,0.129222715428992
2016_1151_1453,0.44785886096038874
2016_1151_1455,0.16586799475981268
2016_1151_1458,0.19407305490386617
2016_1151_1462,0.13557041296119296
2016_1151_1463,0.21557375594716224
2016_1153_1160,0.5731842713020988
2016_1153_1163,0.4751339311301046
2016_1153_1167,0.794043375431872
2016_1153_1173,0.5440624382696012
2016_1153_1181,0.4181440819803777
2016_1153_1192,0.9388109437487588
2016_1153_1195,0.9048295266186744
2016_1153_1201,0.7392040795163017
2016_1153_1211,0.45637714004731167
2016_1153_1214,0.929642324391868
2016_1153_1218,0.673706904897244
2016_1153_1221,0.92578765740903
2016_1153_1231,0.39343922489651845
2016_1153_1233,0.6767410307634294
2016_1153_1234,0.448189032734519
2016_1153_1235,0.44855330914748043
2016_1153_1242,0.3274303372202751
2016_1153_1246,0.36035153239519885
2016_1153_1268,0.41146246233854084
2016_1153_1274,0.3881717033338796
2016_1153_1276,0.5653755728795579
2016_1153_1277,0.3341860299155026
2016_1153_1292,0.7906332051273228
2016_1153_1314,0.33337752200146514
2016_1153_1320,0.6722026910392571
2016_1153_1323,0.49026853028348394
2016_1153_1328,0.36981276686404674
2016_1153_1332,0.36167137888913364
2016_1153_1333,0.6186690455767676
2016_1153_1338,0.5398035399082376
2016_1153_1344,0.5441507975798651
2016_1153_1345,0.3655922256426759
2016_1153_1355,0.7347917515929547
2016_1153_1371,0.46797472414974384
2016_1153_1372,0.5239240209767801
2016_1153_1380,0.9344325647442844
2016_1153_1386,0.5098445646784706
2016_1153_1392,0.7153384395157052
2016_1153_1393,0.5433444948858436
2016_1153_1396,0.6791275256717233
2016_1153_1400,0.4932559189330925
2016_1153_1401,0.3985889134272683
2016_1153_1403,0.5779753684294623
2016_1153_1409,0.6330982210274888
2016_1153_1421,0.811942310209151
2016_1153_1423,0.7080242346661497
2016_1153_1425,0.5732489374027933
2016_1153_1428,0.40008697034879137
2016_1153_1433,0.5134892067642501
2016_1153_1435,0.5104062229204777
2016_1153_1437,0.34975046700627566
2016_1153_1438,0.33653046330610353
2016_1153_1451,0.8699152565083081
2016_1153_1452,0.36975250781343755
2016_1153_1453,0.7853051470408052
2016_1153_1455,0.44359726937047095
2016_1153_1458,0.5
2016_1153_1462,0.38532664836701763
2016_1153_1463,0.5400837180445482
2016_1160_1163,0.3822476833125716
2016_1160_1167,0.7169502479906598
2016_1160_1173,0.4459354608095868
2016_1160_1181,0.333072831594921
2016_1160_1192,0.9106754332231939
2016_1160_1195,0.8620450743927257
2016_1160_1201,0.6516324897144925
2016_1160_1211,0.3659686921529987
2016_1160_1214,0.8962759851176236
2016_1160_1218,0.5802778984900351
2016_1160_1221,0.8938101984976607
2016_1160_1231,0.3075953013862321
2016_1160_1233,0.5817541629653689
2016_1160_1234,0.35873468743222625
2016_1160_1235,0.3590143156143987
2016_1160_1242,0.24905234942174145
2016_1160_1246,0.2781737176302111
2016_1160_1268,0.32333074750938556
2016_1160_1274,0.30273570739007605
2016_1160_1276,0.46745308754002335
2016_1160_1277,0.25506320670551164
2016_1160_1292,0.7124881019049304
2016_1160_1314,0.25433649554418886
2016_1160_1320,0.5773768634059355
2016_1160_1323,0.39574524797188937
2016_1160_1328,0.28662152079203035
2016_1160_1332,0.2790498723896161
2016_1160_1333,0.5186645437919246
2016_1160_1338,0.44281101369784814
2016_1160_1344,0.4461377584831776
2016_1160_1345,0.28265739045091465
2016_1160_1355,0.646052889763304
2016_1160_1371,0.3753982521668504
2016_1160_1372,0.4265873807362628
2016_1160_1380,0.903757134316538
2016_1160_1386,0.41326264235707877
2016_1160_1392,0.6271533565034428
2016_1160_1393,0.44586706659694286
2016_1160_1396,0.5844559250946997
2016_1160_1400,0.3984879213558497
2016_1160_1401,0.3118732614026292
2016_1160_1403,0.47884452062733174
2016_1160_1409,0.5329878040269879
2016_1160_1421,0.7389897472742638
2016_1160_1423,0.6177435928890233
2016_1160_1425,0.47508998418815196
2016_1160_1428,0.31293829221854697
2016_1160_1433,0.4169904833691868
2016_1160_1435,0.415171246873678
2016_1160_1437,0.26884465091447163
2016_1160_1438,0.2570313263304237
2016_1160_1451,0.8133902843635695
2016_1160_1452,0.2865484986155286
2016_1160_1453,0.7060746738054443
2016_1160_1455,0.35504825862828693
2016_1160_1458,0.40484355691279383
2016_1160_1462,0.3000583894914876
2016_1160_1463,0.441328165624152
2016_1163_1167,0.8110246986177542
2016_1163_1173,0.5728670097678588
2016_1163_1181,0.44617342769937574
2016_1163_1192,0.9419282399558636
2016_1163_1195,0.9118171835121655
2016_1163_1201,0.7598147965682445
2016_1163_1211,0.4846015611592736
2016_1163_1214,0.9342404305795304
2016_1163_1218,0.6981554941363701
2016_1163_1221,0.9285016898805565
2016_1163_1231,0.42048470672580834
2016_1163_1233,0.7001457370578958
2016_1163_1234,0.47675957501395333
2016_1163_1235,0.4774015238699727
2016_1163_1242,0.3516451046030361
2016_1163_1246,0.38616115528699013
2016_1163_1268,0.4392025876647474
2016_1163_1274,0.4153541557823494
2016_1163_1276,0.5933605749558332
2016_1163_1277,0.3586133691043068
2016_1163_1292,0.8076137248540763
2016_1163_1314,0.3578311510926164
2016_1163_1320,0.6961050489090288
2016_1163_1323,0.5189948272462656
2016_1163_1328,0.3962285827336492
2016_1163_1332,0.3876812183268919
2016_1163_1333,0.6478520037516036
2016_1163_1338,0.5682588758056072
2016_1163_1344,0.5726855017109593
2016_1163_1345,0.39158680144850383
2016_1163_1355,0.7568493609209974
2016_1163_1371,0.5
2016_1163_1372,0.551888275150899
2016_1163_1380,0.9385357240424388
2016_1163_1386,0.5388151036178802
2016_1163_1392,0.7375304502476221
2016_1163_1393,0.5714356895751904
2016_1163_1396,0.7030730567291501
2016_1163_1400,0.522264738614738
2016_1163_1401,0.4259875013882203
2016_1163_1403,0.6070506274714247
2016_1163_1409,0.6566696840049249
2016_1163_1421,0.8271922001866161
2016_1163_1423,0.7313517297414288
2016_1163_1425,0.6018063083517141
2016_1163_1428,0.4274444129961351
2016_1163_1433,0.5424039983717438
2016_1163_1435,0.5389539180808526
2016_1163_1437,0.3751616421433261
2016_1163_1438,0.36121522364180875
2016_1163_1451,0.8813715578642849
2016_1163_1452,0.3961374411631167
2016_1163_1453,0.802274592777389
2016_1163_1455,0.47181794341798333
2016_1163_1458,0.5289257992332604
2016_1163_1462,0.41238538260158997
2016_1163_1463,0.56835437006377
2016_1167_1173,0.2286641091968474
2016_1167_1181,0.1632071975583036
2016_1167_1192,0.822586519492497
2016_1167_1195,0.7002067080406705
2016_1167_1201,0.3937290808234184
2016_1167_1211,0.18424948360960977
2016_1167_1214,0.773000348164472
2016_1167_1218,0.33200686841183813
2016_1167_1221,0.8165090311364247
2016_1167_1231,0.15206972990594447
2016_1167_1233,0.3322298576899707
2016_1167_1234,0.17794012533864573
2016_1167_1235,0.17684387829562181
2016_1167_1242,0.12156084693082216
2016_1167_1246,0.13617724292783784
2016_1167_1268,0.1593894696569586
2016_1167_1274,0.1479960403692175
2016_1167_1276,0.24888648895719104
2016_1167_1277,0.12509783291492343
2016_1167_1292,0.46069743889902304
2016_1167_1314,0.12447209016708455
2016_1167_1320,0.33085336302631174
2016_1167_1323,0.19945709245453458
2016_1167_1328,0.14011894261246896
2016_1167_1332,0.13549077053842282
2016_1167_1333,0.27636492896855147
2016_1167_1338,0.23063651978941638
2016_1167_1344,0.2302620662598772
2016_1167_1345,0.13846729606940456
2016_1167_1355,0.37656451773158467
2016_1167_1371,0.18511913765447927
2016_1167_1372,0.21819268942112155
2016_1167_1380,0.7918339112137613
2016_1167_1386,0.20749159806990158
2016_1167_1392,0.36736536476540926
2016_1167_1393,0.23285882603156424
2016_1167_1396,0.3332625900355905
2016_1167_1400,0.19987833274033837
2016_1167_1401,0.153035600840739
2016_1167_1403,0.2479846420608828
2016_1167_1409,0.28909734638209267
2016_1167_1421,0.49163433135100726
2016_1167_1423,0.35276925648897006
2016_1167_1425,0.2501924350143324
2016_1167_1428,0.15349190019572223
2016_1167_1433,0.21023254477856443
2016_1167_1435,0.21345604278360072
2016_1167_1437,0.13128116880509286
2016_1167_1438,0.12534970443715565
2016_1167_1451,0.58944743314753
2016_1167_1452,0.1401333328061543
2016_1167_1453,0.45561244265538703
2016_1167_1455,0.17657972558319582
2016_1167_1458,0.20455717465126902
2016_1167_1462,0.14643003286139222
2016_1167_1463,0.22510332043091502
2016_1173_1181,0.35283467979427446
2016_1173_1192,0.9174209218712769
2016_1173_1195,0.8737963839724422
2016_1173_1201,0.6750484543765204
2016_1173_1211,0.3872427840856821
2016_1173_1214,0.9048569765064091
2016_1173_1218,0.6059575036635256
2016_1173_1221,0.9007238273153174
2016_1173_1231,0.3309450874761517
2016_1173_1233,0.6076353020039528
2016_1173_1234,0.3798390898349241
2016_1173_1235,0.38027199466366607
2016_1173_1242,0.26596570027773003
2016_1173_1246,0.29668773170933926
2016_1173_1268,0.34652975807403835
2016_1173_1274,0.32249488567001383
2016_1173_1276,0.49178326432438
2016_1173_1277,0.27226084180928617
2016_1173_1292,0.7336010912346747
2016_1173_1314,0.2715127753417531
2016_1173_1320,0.6029059004537235
2016_1173_1323,0.4185585161123311
2016_1173_1328,0.3055434302127424
2016_1173_1332,0.29773153727068474
2016_1173_1333,0.5441445870281597
2016_1173_1338,0.4669554734647822
2016_1173_1344,0.47054742874927175
2016_1173_1345,0.3013768349337874
2016_1173_1355,0.6703343361665115
2016_1173_1371,0.39756090268106553
2016_1173_1372,0.4508044339188624
2016_1173_1380,0.9116576268051245
2016_1173_1386,0.4369851012360354
2016_1173_1392,0.649257568989627
2016_1173_1393,0.4701868930429637
2016_1173_1396,0.610151703847594
2016_1173_1400,0.4215304711169533
2016_1173_1401,0.335297758254176
2016_1173_1403,0.5
2016_1173_1409,0.5584855523964036
2016_1173_1421,0.7592698242248317
2016_1173_1423,0.6445523014708258
2016_1173_1425,0.5
2016_1173_1428,0.33631255098408713
2016_1173_1433,0.4409059598275393
2016_1173_1435,0.4386390481130798
2016_1173_1437,0.2868576434500408
2016_1173_1438,0.2744175340581766
2016_1173_1451,0.8294925217243655
2016_1173_1452,0.3054763977206521
2016_1173_1453,0.7274726936565088
2016_1173_1455,0.3761043579751363
2016_1173_1458,0.4281596889733767
2016_1173_1462,0.31970807585905064
2016_1173_1463,0.46593111104299295
2016_1181_1192,0.9504462212605145
2016_1181_1195,0.9280821335916245
2016_1181_1201,0.8037856367710544
2016_1181_1211,0.5470787510975144
2016_1181_1214,0.9455293476265727
2016_1181_1218,0.7501583279021111
2016_1181_1221,0.9370032762478749
2016_1181_1231,0.4817536604400364
2016_1181_1233,0.7511232106636148
2016_1181_1234,0.5399381426220635
2016_1181_1235,0.5411205967307767
2016_1181_1242,0.40752874183438903
2016_1181_1246,0.4454352149210964
2016_1181_1268,0.5
2016_1181_1274,0.47695930314583285
2016_1181_1276,0.6521868478004526
2016_1181_1277,0.4149923095382586
2016_1181_1292,0.84405687838962
2016_1181_1314,0.4142548234038379
2016_1181_1320,0.7475781037488085
2016_1181_1323,0.5824012493147949
2016_1181_1328,0.4565021054365922
2016_1181_1332,0.4474561294512634
2016_1181_1333,0.7018731667029732
2016_1181_1338,0.6319409718582528
2016_1181_1344,0.6368444929000174
2016_1181_1345,0.4511886799086153
2016_1181_1355,0.8030836313607569
2016_1181_1371,0.5610743631832282
2016_1181_1372,0.6151401690033155
2016_1181_1380,0.9488017765656442
2016_1181_1386,0.6030504861834248
2016_1181_1392,0.7848130311707566
2016_1181_1393,0.6348523995208817
2016_1181_1396,0.7542811748077385
2016_1181_1400,0.5861875380936024
2016_1181_1401,0.4879511637854505
2016_1181_1403,0.6667280833143883
2016_1181_1409,0.712844798112928
2016_1181_1421,0.8604403990232816
2016_1181_1423,0.7806231634707718
2016_1181_1425,0.6610251408866893
2016_1181_1428,0.48933458825988496
2016_1181_1433,0.6067001336495161
2016_1181_1435,0.6022244990927098
2016_1181_1437,0.4335916499249426
2016_1181_1438,0.4181811001649294
2016_1181_1451,0.9057358441869405
2016_1181_1452,0.4563726759865528
2016_1181_1453,0.8391297749516998
2016_1181_1455,0.5347563160280411
2016_1181_1458,0.5925276274847936
2016_1181_1462,0.473835204519859
2016_1181_1463,0.6323683879733231
2016_1192_1195,0.31450728884098245
2016_1192_1201,0.19209032669597614
2016_1192_1211,0.14661149106656376
2016_1192_1214,0.37190532775757024
2016_1192_1218,0.18555514953027671
2016_1192_1221,0.4722570273180883
2016_1192_1231,0.1361805524035459
2016_1192_1233,0.15903548767827624
2016_1192_1234,0.14382612993580757
2016_1192_1235,0.14351991604255346
2016_1192_1242,0.1270300243235477
2016_1192_1246,0.1307025615476618
2016_1192_1268,0.13592238726746586
2016_1192_1274,0.13404505279794815
2016_1192_1276,0.16800945483339882
2016_1192_1277,0.1284081426748288
2016_1192_1292,0.20841541801318966
2016_1192_1314,0.1282157794660082
2016_1192_1320,0.17307919768718102
2016_1192_1323,0.1475875647407372
2016_1192_1328,0.13358763963568593
2016_1192_1332,0.1279323433695995
2016_1192_1333,0.16535258233879113
2016_1192_1338,0.16230137852358623
2016_1192_1344,0.15560827976321567
2016_1192_1345,0.13046110950213202
2016_1192_1355,0.18140210456925765
2016_1192_1371,0.14170347503557398
2016_1192_1372,0.13803283640052463
2016_1192_1380,0.3907956515186646
2016_1192_1386,0.14568342023970685
2016_1192_1392,0.1821824860371176
2016_1192_1393,0.15643410388628404
2016_1192_1396,0.1740729916568434
2016_1192_1400,0.1484451649813259
2016_1192_1401,0.13399018898678391
2016_1192_1403,0.1578191501491145
2016_1192_1409,0.16504841830196873
2016_1192_1421,0.20124713035241776
2016_1192_1423,0.1761636339216694
2016_1192_1425,0.16522451941057092
2016_1192_1428,0.13257377527401504
2016_1192_1433,0.14619455181558802
2016_1192_1435,0.1563846338369088
2016_1192_1437,0.1306505503620353
2016_1192_1438,0.1273568153399874
2016_1192_1451,0.2539728953440276
2016_1192_1452,0.13325972055247162
2016_1192_1453,0.19895895316938186
2016_1192_1455,0.14077034613462014
2016_1192_1458,0.1465041594736335
2016_1192_1462,0.13277749330269137
2016_1192_1463,0.1390509448917748
2016_1195_1201,0.22695250978456546
2016_1195_1211,0.12158572158394221
2016_1195_1214,0.5559368404725279
2016_1195_1218,0.19507948992681792
2016_1195_1221,0.6580915941380178
2016_1195_1231,0.10451712059598961
2016_1195_1233,0.1853110062459532
2016_1195_1234,0.11749712817516889
2016_1195_1235,0.11655518231294883
2016_1195_1242,0.08852788777816098
2016_1195_1246,0.09593266493252897
2016_1195_1268,0.10734588376099385
2016_1195_1274,0.10173860461462912
2016_1195_1276,0.15607794794729865
2016_1195_1277,0.09061325170206326
2016_1195_1292,0.2668978440296003
2016_1195_1314,0.09021937770956
2016_1195_1320,0.19069639700602967
2016_1195_1323,0.12760564416093317
2016_1195_1328,0.09832302341702735
2016_1195_1332,0.09457720233528154
2016_1195_1333,0.1645817477042245
2016_1195_1338,0.14578642458756372
2016_1195_1344,0.14285303208562453
2016_1195_1345,0.0968862449484003
2016_1195_1355,0.21131369160449606
2016_1195_1371,0.11917084565361892
2016_1195_1372,0.1320915409979417
2016_1195_1380,0.5829726384239315
2016_1195_1386,0.12963625240492627
2016_1195_1392,0.21011311618051634
2016_1195_1393,0.14482044720710546
2016_1195_1396,0.19133721599869283
2016_1195_1400,0.12764780358058586
2016_1195_1401,0.10395690984780243
2016_1195_1403,0.14986943658875612
2016_1195_1409,0.1703009738097093
2016_1195_1421,0.27852794477976667
2016_1195_1423,0.19896394971412779
2016_1195_1425,0.15453245098982005
2016_1195_1428,0.1038088098289379
2016_1195_1433,0.13101311313546393
2016_1195_1435,0.13661595413862185
2016_1195_1437,0.09372125201088843
2016_1195_1438,0.09024412913805155
2016_1195_1451,0.35548517526341944
2016_1195_1452,0.09823941781802165
2016_1195_1453,0.2607951079755703
2016_1195_1455,0.11612729026737736
2016_1195_1458,0.12919698486389614
2016_1195_1462,0.10067929150810608
2016_1195_1463,0.1347210135145303
2016_1201_1211,0.20805899925942914
2016_1201_1214,0.7935147007112171
2016_1201_1218,0.37200908476079225
2016_1201_1221,0.8173803096096529
2016_1201_1231,0.1717227741114249
2016_1201_1233,0.37128262042382165
2016_1201_1234,0.20196125212858512
2016_1201_1235,0.20142910522839744
2016_1201_1242,0.1368974908506066
2016_1201_1246,0.15374983070722692
2016_1201_1268,0.18061479381093695
2016_1201_1274,0.16786106338735235
2016_1201_1276,0.2806233160807451
2016_1201_1277,0.1406770294682683
2016_1201_1292,0.5067605751350329
2016_1201_1314,0.1401076440141225
2016_1201_1320,0.3692144576568628
2016_1201_1323,0.226672097019893
2016_1201_1328,0.1586006196415778
2016_1201_1332,0.1534950658560258
2016_1201_1333,0.3150897809042853
2016_1201_1338,0.2613074873191747
2016_1201_1344,0.26188736381817895
2016_1201_1345,0.15632777102430437
2016_1201_1355,0.4257318408247516
2016_1201_1371,0.21139431096896383
2016_1201_1372,0.24752205328722612
2016_1201_1380,0.809784752185947
2016_1201_1386,0.23706107524068804
2016_1201_1392,0.41113242695364294
2016_1201_1393,0.2633720627824909
2016_1201_1396,0.3733993833807163
2016_1201_1400,0.22791354147813622
2016_1201_1401,0.17344053249429273
2016_1201_1403,0.2837679111618069
2016_1201_1409,0.3314782823066752
2016_1201_1421,0.5382409743494345
2016_1201_1423,0.39851795202843304
2016_1201_1425,0.2840746040468633
2016_1201_1428,0.17392181080344948
2016_1201_1433,0.2399363843411616
2016_1201_1435,0.2417499885136767
2016_1201_1437,0.14826138624004562
2016_1201_1438,0.14134568753885013
2016_1201_1451,0.6399442526251072
2016_1201_1452,0.15857238399544255
2016_1201_1453,0.5
2016_1201_1455,0.19992894469206066
2016_1201_1458,0.23262629425303485
2016_1201_1462,0.16609077684904963
2016_1201_1463,0.2564945568227225
2016_1211_1214,0.9405049260091265
2016_1211_1218,0.7184642554758931
2016_1211_1221,0.9348972308082062
2016_1211_1231,0.4423752401436898
2016_1211_1233,0.7209661442394519
2016_1211_1234,0.5
2016_1211_1235,0.5
2016_1211_1242,0.37089875846946685
2016_1211_1246,0.40691251348909735
2016_1211_1268,0.4616183381254311
2016_1211_1274,0.4371016820963879
2016_1211_1276,0.6170043049251609
2016_1211_1277,0.3781787584665013
2016_1211_1292,0.8232612406457883
2016_1211_1314,0.37735627451448617
2016_1211_1320,0.7168136098967952
2016_1211_1323,0.5422670934806584
2016_1211_1328,0.4172879783585249
2016_1211_1332,0.4085596351151969
2016_1211_1333,0.666083362543294
2016_1211_1338,0.591626839016534
2016_1211_1344,0.5962785306382212
2016_1211_1345,0.4125813028048024
2016_1211_1355,0.7751643863923758
2016_1211_1371,0.5202368686821226
2016_1211_1372,0.5757180060304616
2016_1211_1380,0.9443536355769259
2016_1211_1386,0.5622947006847421
2016_1211_1392,0.7566046178773065
2016_1211_1393,0.595014060280945
2016_1211_1396,0.7235216354162982
2016_1211_1400,0.5455218481454723
2016_1211_1401,0.44809704704226067
2016_1211_1403,0.6311168498643368
2016_1211_1409,0.6784528567339582
2016_1211_1421,0.8417623624088744
2016_1211_1423,0.7507313649088707
2016_1211_1425,0.6256120446457273
2016_1211_1428,0.44964106902473944
2016_1211_1433,0.5659110907861015
2016_1211_1435,0.5621764356369451
2016_1211_1437,0.39541721676972985
2016_1211_1438,0.3809234157105109
2016_1211_1451,0.8920402022416429
2016_1211_1452,0.4172079836153352
2016_1211_1453,0.8182955316583456
2016_1211_1455,0.49475204428165176
2016_1211_1458,0.5523187302740753
2016_1211_1462,0.43407607551325117
2016_1211_1463,0.5923266047542083
2016_1214_1218,0.17747124319804186
2016_1214_1221,0.5
2016_1214_1231,0.11437261510489126
2016_1214_1233,0.1569138471685781
2016_1214_1234,0.12401343380472267
2016_1214_1235,0.12362801310557447
2016_1214_1242,0.10273896816620169
2016_1214_1246,0.10791450422405782
2016_1214_1268,0.11532452711618363
2016_1214_1274,0.11216978782458163
2016_1214_1276,0.15206164200125483
2016_1214_1277,0.1043324172221307
2016_1214_1292,0.21344097096959186
2016_1214_1314,0.10406983787485448
2016_1214_1320,0.16727057318506594
2016_1214_1323,0.12994830061051077
2016_1214_1328,0.11049756527142626
2016_1214_1332,0.1058723655106487
2016_1214_1333,0.15410742243092196
2016_1214_1338,0.14541290967079917
2016_1214_1344,0.1402825409669664
2016_1214_1345,0.1080979885413878
2016_1214_1355,0.18021952540131403
2016_1214_1371,0.1234953959386733
2016_1214_1372,0.1263853064460218
2016_1214_1380,0.4320522895880539
2016_1214_1386,0.12975709179295028
2016_1214_1392,0.1799152151441174
2016_1214_1393,0.1416463089653212
2016_1214_1396,0.1679609052092586
2016_1214_1400,0.13064600772032525
2016_1214_1401,0.11299117821326757
2016_1214_1403,0.1446188611620724
2016_1214_1409,0.15607000113984193
2016_1214_1421,0.21378357617699079
2016_1214_1423,0.17298770859357637
2016_1214_1425,0.15049269081753813
2016_1214_1428,0.1119468476155367
2016_1214_1433,0.13079219211189172
2016_1214_1435,0.13879883451588315
2016_1214_1437,0.10695427953511684
2016_1214_1438,0.10367557070038307
2016_1214_1451,0.27244357487376447
2016_1214_1452,0.1102991542086019
2016_1214_1453,0.20562730881404923
2016_1214_1455,0.12202332316185135
2016_1214_1458,0.13012745910292597
2016_1214_1462,0.11098170849606126
2016_1214_1463,0.12773749168872328
2016_1218_1221,0.8482086672459694
2016_1218_1231,0.19484733527976378
2016_1218_1233,0.4284644508438748
2016_1218_1234,0.23073152550741555
2016_1218_1235,0.2302765920223754
2016_1218_1242,0.15352661691116795
2016_1218_1246,0.17367483093995328
2016_1218_1268,0.20586947888736798
2016_1218_1274,0.19057878631279943
2016_1218_1276,0.32170170548212096
2016_1218_1277,0.15789802909754636
2016_1218_1292,0.5728887606663329
2016_1218_1314,0.15726374318334838
2016_1218_1320,0.4237665636131706
2016_1218_1323,0.26035448749023515
2016_1218_1328,0.17924875630836876
2016_1218_1332,0.1738419646586945
2016_1218_1333,0.36576046691995207
2016_1218_1338,0.2997103666025662
2016_1218_1344,0.3017050965326682
2016_1218_1345,0.17686101617623357
2016_1218_1355,0.4894658299406271
2016_1218_1371,0.24292383120750005
2016_1218_1372,0.28707491260050383
2016_1218_1380,0.8490734620758782
2016_1218_1386,0.27358645618571215
2016_1218_1392,0.47137136058882406
2016_1218_1393,0.303008523546863
2016_1218_1396,0.4288271378508543
2016_1218_1400,0.26183137512034055
2016_1218_1401,0.19741955461072513
2016_1218_1403,0.33150879994648125
2016_1218_1409,0.38000755394787333
2016_1218_1421,0.607584270803302
2016_1218_1423,0.45860774293576206
2016_1218_1425,0.3302325777479055
2016_1218_1428,0.19824163460622737
2016_1218_1433,0.2770503457920636
2016_1218_1435,0.2770169466826885
2016_1218_1437,0.16697640031468627
2016_1218_1438,0.158931321895198
2016_1218_1451,0.7009213584009344
2016_1218_1452,0.17924501974455784
2016_1218_1453,0.5667985913578992
2016_1218_1455,0.22857535834840173
2016_1218_1458,0.26779405223680525
2016_1218_1462,0.1886265740111053
2016_1218_1463,0.29803252600899416
2016_1221_1231,0.21747947972964468
2016_1221_1233,0.21656454245844028
2016_1221_1234,0.22412009804888386
2016_1221_1235,0.22422044619005616
2016_1221_1242,0.21061501002988847
2016_1221_1246,0.2124645837685104
2016_1221_1268,0.21553437097323536
2016_1221_1274,0.21549763902699662
2016_1221_1276,0.24759845726055113
2016_1221_1277,0.2117289787258302
2016_1221_1292,0.2682851620132559
2016_1221_1314,0.2117036396412661
2016_1221_1320,0.239446841307958
2016_1221_1323,0.22547350837138105
2016_1221_1328,0.2168664896520378
2016_1221_1332,0.2080996141681778
2016_1221_1333,0.23914971874876248
2016_1221_1338,0.24231880337041395
2016_1221_1344,0.2321812516308901
2016_1221_1345,0.2114978008071913
2016_1221_1355,0.24652173265428245
2016_1221_1371,0.21960971043965474
2016_1221_1372,0.20340897418155152
2016_1221_1380,0.417652178839794
2016_1221_1386,0.22105437775684575
2016_1221_1392,0.24653524996862836
2016_1221_1393,0.2315243662587616
2016_1221_1396,0.24212712365371059
2016_1221_1400,0.22721394899789496
2016_1221_1401,0.21377445551302637
2016_1221_1403,0.23277054987441326
2016_1221_1409,0.23476666065252805
2016_1221_1421,0.24952033672764118
2016_1221_1423,0.24196835722028506
2016_1221_1425,0.2430979230805893
2016_1221_1428,0.21136786564840268
2016_1221_1433,0.22054221213547498
2016_1221_1435,0.23578808018739913
2016_1221_1437,0.21411300397307012
2016_1221_1438,0.2099787156414506
2016_1221_1451,0.30759768104730784
2016_1221_1452,0.216221206958944
2016_1221_1453,0.2539817043326831
2016_1221_1455,0.2178436325967502
2016_1221_1458,0.2220778842981583
2016_1221_1462,0.21382729166668132
2016_1221_1463,0.2052113799305433
2016_1231_1233,0.7801290171737817
2016_1231_1234,0.5809774986741576
2016_1231_1235,0.5822651205249136
2016_1231_1242,0.44759129347666066
2016_1231_1246,0.48643891872115197
2016_1231_1268,0.542824796280504
2016_1231_1274,0.5183934969364407
2016_1231_1276,0.6885651099762835
2016_1231_1277,0.4552511125257048
2016_1231_1292,0.8642341883215436
2016_1231_1314,0.45452656524761853
2016_1231_1320,0.7771080931845257
2016_1231_1323,0.6235699460327548
2016_1231_1328,0.5
2016_1231_1332,0.4886189221450116
2016_1231_1333,0.7354408380949943
2016_1231_1338,0.6669802460979766
2016_1231_1344,0.6715157792435054
2016_1231_1345,0.4923266751152621
2016_1231_1355,0.8280568645272439
2016_1231_1371,0.6023731555744896
2016_1231_1372,0.651363426830909
2016_1231_1380,0.955319033878857
2016_1231_1386,0.6446502915814271
2016_1231_1392,0.811049734276192
2016_1231_1393,0.6693454750426232
2016_1231_1396,0.7836175156383088
2016_1231_1400,0.6275178574411349
2016_1231_1401,0.5293051648942032
2016_1231_1403,0.7026194165265679
2016_1231_1409,0.7452662081807386
2016_1231_1421,0.8783380014386893
2016_1231_1423,0.8076158277208084
2016_1231_1425,0.6969431270207066
2016_1231_1428,0.5307634815069823
2016_1231_1433,0.6480654219465862
2016_1231_1435,0.6432388801465903
2016_1231_1437,0.4744624323488951
2016_1231_1438,0.4586125414274764
2016_1231_1451,0.9184987262996145
2016_1231_1452,0.5
2016_1231_1453,0.8596271386028329
2016_1231_1455,0.5753406000246017
2016_1231_1458,0.6336492390428307
2016_1231_1462,0.5153102272438075
2016_1231_1463,0.6673051125585916
2016_1233_1234,0.26253825687568266
2016_1233_1235,0.2618317094245934
2016_1233_1242,0.18135014405857316
2016_1233_1246,0.20269265052022814
2016_1233_1268,0.2367013492625699
2016_1233_1274,0.2205973095151517
2016_1233_1276,0.3584808540473635
2016_1233_1277,0.18618315436021282
2016_1233_1292,0.5991155326006667
2016_1233_1314,0.18544957902593737
2016_1233_1320,0.45419414174391354
2016_1233_1323,0.2928267949393157
2016_1233_1328,0.20884460443366093
2016_1233_1332,0.20257473390172803
2016_1233_1333,0.39665908534777167
2016_1233_1338,0.3365354572385035
2016_1233_1344,0.3379750541377093
2016_1233_1345,0.20615366342592742
2016_1233_1355,0.5154565177939867
2016_1233_1371,0.27458817632934834
2016_1233_1372,0.31715129239673
2016_1233_1380,0.8623586753069581
2016_1233_1386,0.3055231759621455
2016_1233_1392,0.5
2016_1233_1393,0.3389889054025233
2016_1233_1396,0.4599757082113871
2016_1233_1400,0.294226619111716
2016_1233_1401,0.22767690171799398
2016_1233_1403,0.361923445002307
2016_1233_1409,0.4103910048871399
2016_1233_1421,0.6294171120486572
2016_1233_1423,0.48613421882819646
2016_1233_1425,0.3617207383193418
2016_1233_1428,0.22862878280509225
2016_1233_1433,0.3082223542737208
2016_1233_1435,0.3097882223805778
2016_1233_1437,0.19575165113187903
2016_1233_1438,0.18703764287110639
2016_1233_1451,0.7177490261159076
2016_1233_1452,0.20881976371549937
2016_1233_1453,0.5925031342723559
2016_1233_1455,0.2594051318705854
2016_1233_1458,0.2997343620221391
2016_1233_1462,0.21854331708492822
2016_1233_1463,0.33208099644741457
2016_1234_1235,0.5215641186358224
2016_1234_1242,0.3899869888843689
2016_1234_1246,0.4270083014932373
2016_1234_1268,0.4824000855492659
2016_1234_1274,0.4578590465966267
2016_1234_1276,0.6375897076372828
2016_1234_1277,0.39740344314805703
2016_1234_1292,0.8339811767458155
2016_1234_1314,0.3966020640861555
2016_1234_1320,0.7327947696148919
2016_1234_1323,0.5630926548216386
2016_1234_1328,0.43771761719166047
2016_1234_1332,0.42878010597448707
2016_1234_1333,0.6845927788430104
2016_1234_1338,0.6124780626674554
2016_1234_1344,0.617124725027157
2016_1234_1345,0.43271810759090806
2016_1234_1355,0.7894436995982694
2016_1234_1371,0.5414024683213514
2016_1234_1372,0.5960915516176947
2016_1234_1380,0.9466840201162771
2016_1234_1386,0.5832754741127583
2016_1234_1392,0.7711865709160708
2016_1234_1393,0.6156427671819195
2016_1234_1396,0.7394291039451816
2016_1234_1400,0.5665770263392493
2016_1234_1401,0.46888078429006647
2016_1234_1403,0.6483803047855244
2016_1234_1409,0.6963030449179983
2016_1234_1421,0.8514330932094079
2016_1234_1423,0.7661055821472084
2016_1234_1425,0.6468004405464524
2016_1234_1428,0.470304966200479
2016_1234_1433,0.5869410112013596
2016_1234_1435,0.5830409123312041
2016_1234_1437,0.4153068043729994
2016_1234_1438,0.40032973911623776
2016_1234_1451,0.8990713128243685
2016_1234_1452,0.43762258933071424
2016_1234_1453,0.8290839997758511
2016_1234_1455,0.5157266201561158
2016_1234_1458,0.5731674123005467
2016_1234_1462,0.4547675593950042
2016_1234_1463,0.6128213373663924
2016_1235_1242,0.372920701129883
2016_1235_1246,0.40882232013932096
2016_1235_1268,0.4631314901905721
2016_1235_1274,0.43916438811830255
2016_1235_1276,0.6170730301573372
2016_1235_1277,0.37997907337871367
2016_1235_1292,0.8206678578504157
2016_1235_1314,0.37927096781820574
2016_1235_1320,0.715509957481266
2016_1235_1323,0.543498668480201
2016_1235_1328,0.41945417938036006
2016_1235_1332,0.4106241128435984
2016_1235_1333,0.6668984825936594
2016_1235_1338,0.5926549080107634
2016_1235_1344,0.5971735904673066
2016_1235_1345,0.4142924597288583
2016_1235_1355,0.775202541053925
2016_1235_1371,0.5221097463625061
2016_1235_1372,0.5756764175490646
2016_1235_1380,0.940285192787619
2016_1235_1386,0.5637607055152498
2016_1235_1392,0.7556277657480095
2016_1235_1393,0.5953916551779707
2016_1235_1396,0.7225702943444506
2016_1235_1400,0.5472266984995435
2016_1235_1401,0.4498467169888986
2016_1235_1403,0.6326667536448913
2016_1235_1409,0.6785383721678495
2016_1235_1421,0.8389336756127841
2016_1235_1423,0.7508572093024106
2016_1235_1425,0.6266493373392952
2016_1235_1428,0.4511314433339539
2016_1235_1433,0.567434369534553
2016_1235_1435,0.5634182855711243
2016_1235_1437,0.39755552303903785
2016_1235_1438,0.3829214452778616
2016_1235_1451,0.8901572628298329
2016_1235_1452,0.4193235408819884
2016_1235_1453,0.815210591530178
2016_1235_1455,0.5
2016_1235_1458,0.5535000587611689
2016_1235_1462,0.43608568002833975
2016_1235_1463,0.5924256775375243
2016_1242_1246,0.5543553899962284
2016_1242_1268,0.6104585654650511
2016_1242_1274,0.5866460360690379
2016_1242_1276,0.7430023687569208
2016_1242_1277,0.5227413972250248
2016_1242_1292,0.8911189771024888
2016_1242_1314,0.5222018820594181
2016_1242_1320,0.8194454707738712
2016_1242_1323,0.6834878833325984
2016_1242_1328,0.5661052373877647
2016_1242_1332,0.5569490950948376
2016_1242_1333,0.7857799433346562
2016_1242_1338,0.7245689483481274
2016_1242_1344,0.7288613120440941
2016_1242_1345,0.5600447263365074
2016_1242_1355,0.8641277147879353
2016_1242_1371,0.6656879524899602
2016_1242_1372,0.7093405296322162
2016_1242_1380,0.9615117366285171
2016_1242_1386,0.7020328962969746
2016_1242_1392,0.8485197592918146
2016_1242_1393,0.7260359933564602
2016_1242_1396,0.8255865785071888
2016_1242_1400,0.6875457075250344
2016_1242_1401,0.5971801289445405
2016_1242_1403,0.7575388703047712
2016_1242_1409,0.7933814570869733
2016_1242_1421,0.9021599451683803
2016_1242_1423,0.8469916826115801
2016_1242_1425,0.7515914123792509
2016_1242_1428,0.5983938449014284
2016_1242_1433,0.7047830788136429
2016_1242_1435,0.6999597234845222
2016_1242_1437,0.5426773366758132
2016_1242_1438,0.5265413874795517
2016_1242_1451,0.93527088042601
2016_1242_1452,0.5658903436486945
2016_1242_1453,0.8867966184411284
2016_1242_1455,0.6430258059677413
2016_1242_1458,0.6921375314388158
2016_1242_1462,0.5835660807095202
2016_1242_1463,0.7243774163343735
2016_1246_1268,0.5719431542439813
2016_1246_1274,0.5478238564423255
2016_1246_1276,0.712898132168392
2016_1246_1277,0.4840724658969436
2016_1246_1292,0.8766608389079922
2016_1246_1314,0.48343755281915923
2016_1246_1320,0.796341143284188
2016_1246_1323,0.6489879565336614
2016_1246_1328,0.5272170746710831
2016_1246_1332,0.5180449053815749
2016_1246_1333,0.7582802185675231
2016_1246_1338,0.6926327438151154
2016_1246_1344,0.697163716142131
2016_1246_1345,0.5214505595703192
2016_1246_1355,0.8447600062251046
2016_1246_1371,0.6323466459599485
2016_1246_1372,0.6770408956018988
2016_1246_1380,0.9581261454764739
2016_1246_1386,0.6682472193954289
2016_1246_1392,0.8282089246900766
2016_1246_1393,0.6945701216170118
2016_1246_1396,0.8028087104926225
2016_1246_1400,0.6529059650269986
2016_1246_1401,0.5585534876870761
2016_1246_1403,0.7273832352307992
2016_1246_1409,0.7670550779978453
2016_1246_1421,0.889317122478571
2016_1246_1423,0.8257429138581065
2016_1246_1425,0.7214596992683936
2016_1246_1428,0.5599389199234366
2016_1246_1433,0.6711425297219412
2016_1246_1435,0.6664264179198183
2016_1246_1437,0.5
2016_1246_1438,0.48767273006636225
2016_1246_1451,0.926331295644595
2016_1246_1452,0.5270321763047979
2016_1246_1453,0.8721313655654858
2016_1246_1455,0.6042703341399659
2016_1246_1458,0.6580893449498738
2016_1246_1462,0.5447587909493128
2016_1246_1463,0.6927617369924538
2016_1268_1274,0.47814889046495057
2016_1268_1276,0.6528585508705916
2016_1268_1277,0.4164695355441604
2016_1268_1292,0.8439132069845173
2016_1268_1314,0.41570336251109946
2016_1268_1320,0.7477038568550186
2016_1268_1323,0.5831969160411887
2016_1268_1328,0.4577958053704562
2016_1268_1332,0.4487111107859134
2016_1268_1333,0.7020381748809243
2016_1268_1338,0.6327073403691384
2016_1268_1344,0.637466036492569
2016_1268_1345,0.45251390986846995
2016_1268_1355,0.8027515677842458
2016_1268_1371,0.5618788708598871
2016_1268_1372,0.6157597478716063
2016_1268_1380,0.9488649781467186
2016_1268_1386,0.6036550368004063
2016_1268_1392,0.7847049593109364
2016_1268_1393,0.6356415466869448
2016_1268_1396,0.7543321301922373
2016_1268_1400,0.5869511779914829
2016_1268_1401,0.4891180673596773
2016_1268_1403,0.6670532779561651
2016_1268_1409,0.7130398155564784
2016_1268_1421,0.8602995856220953
2016_1268_1423,0.7804296639215462
2016_1268_1425,0.6615404222820443
2016_1268_1428,0.4904366068205952
2016_1268_1433,0.6072970526290385
2016_1268_1435,0.6031330503824027
2016_1268_1437,0.4349669493863581
2016_1268_1438,0.4195886185224552
2016_1268_1451,0.9055174717574993
2016_1268_1452,0.4576839180150178
2016_1268_1453,0.8390585270354577
2016_1268_1455,0.5358508632646167
2016_1268_1458,0.5932985473240451
2016_1268_1462,0.4750227978679817
2016_1268_1463,0.6328067039144156
2016_1274_1276,0.6783340992108052
2016_1274_1277,0.44482167549198476
2016_1274_1292,0.8572708660795734
2016_1274_1314,0.444150733881841
2016_1274_1320,0.7681455291726478
2016_1274_1323,0.6124111522955794
2016_1274_1328,0.4872900853472608
2016_1274_1332,0.47807620130595263
2016_1274_1333,0.726346291802303
2016_1274_1338,0.6569392924211349
2016_1274_1344,0.6613418244872499
2016_1274_1345,0.4816047645154729
2016_1274_1355,0.820978852135318
2016_1274_1371,0.5915586926532473
2016_1274_1372,0.6442403558716125
2016_1274_1380,0.9514953159750121
2016_1274_1386,0.6334323476808393
2016_1274_1392,0.8031683104640123
2016_1274_1393,0.6590978882054777
2016_1274_1396,0.7748157028121598
2016_1274_1400,0.6165729742367715
2016_1274_1401,0.518535523959153
2016_1274_1403,0.69321250980988
2016_1274_1409,0.7361768066705546
2016_1274_1421,0.8719816448859345
2016_1274_1423,0.8000367568296413
2016_1274_1425,0.6873355791886777
2016_1274_1428,0.5197709972107405
2016_1274_1433,0.637016157307928
2016_1274_1435,0.6322268925445835
2016_1274_1437,0.46406135329806975
2016_1274_1438,0.44824210964128886
2016_1274_1451,0.9140094366004242
2016_1274_1452,0.4871262686207756
2016_1274_1453,0.8523649381484916
2016_1274_1455,0.5646979873215904
2016_1274_1458,0.6225036027239204
2016_1274_1462,0.5
2016_1274_1463,0.6567518030656122
2016_1276_1277,0.27946568314725667
2016_1276_1292,0.742068096481627
2016_1276_1314,0.2786343149122138
2016_1276_1320,0.6125469067571895
2016_1276_1323,0.42693522899837916
2016_1276_1328,0.31290057081493794
2016_1276_1332,0.3050033869569134
2016_1276_1333,0.5522858513251345
2016_1276_1338,0.4755031173745275
2016_1276_1344,0.4790961125477141
2016_1276_1345,0.30898571457916985
2016_1276_1355,0.6774646119591514
2016_1276_1371,0.4053279487396548
2016_1276_1372,0.45990786921094173
2016_1276_1380,0.9177008774942471
2016_1276_1386,0.44515265141386917
2016_1276_1392,0.6575760315530367
2016_1276_1393,0.47908499998011483
2016_1276_1396,0.619426075023662
2016_1276_1400,0.42953436026489034
2016_1276_1401,0.34268420674822203
2016_1276_1403,0.5120266675467505
2016_1276_1409,0.5670414147811148
2016_1276_1421,0.7671613916995811
2016_1276_1423,0.6484292629032156
2016_1276_1425,0.5083061556513317
2016_1276_1428,0.3438815262295318
2016_1276_1433,0.4490522184210662
2016_1276_1435,0.44703423039293483
2016_1276_1437,0.29401502451055855
2016_1276_1438,0.2815111493633311
2016_1276_1451,0.8352830433400983
2016_1276_1452,0.31285658538096317
2016_1276_1453,0.7363429299907134
2016_1276_1455,0.3839735514601727
2016_1276_1458,0.43651176806320935
2016_1276_1462,0.33077243625470765
2016_1276_1463,0.4750180523933032
2016_1277_1292,0.888643082566192
2016_1277_1314,0.5125240489891845
2016_1277_1320,0.8148735531926519
2016_1277_1323,0.6755517932712396
2016_1277_1328,0.5564675043262078
2016_1277_1332,0.5473376744602896
2016_1277_1333,0.7797600554982341
2016_1277_1338,0.7173537648627375
2016_1277_1344,0.7217399836981716
2016_1277_1345,0.5506025977167667
2016_1277_1355,0.8601872143361841
2016_1277_1371,0.6572376865604735
2016_1277_1372,0.7023871206759057
2016_1277_1380,0.9615498462789421
2016_1277_1386,0.6942795972057051
2016_1277_1392,0.8445385380324677
2016_1277_1393,0.7190986235354409
2016_1277_1396,0.8209830919197952
2016_1277_1400,0.6794769802708855
2016_1277_1401,0.5877895424465293
2016_1277_1403,0.7507493246650444
2016_1277_1409,0.7878056156257718
2016_1277_1421,0.9001226818679057
2016_1277_1423,0.8426059838402139
2016_1277_1425,0.7448649035159367
2016_1277_1428,0.5891012683336705
2016_1277_1433,0.6971087609650249
2016_1277_1435,0.69230662327272
2016_1277_1437,0.5329727556160452
2016_1277_1438,0.5168432460251635
2016_1277_1451,0.9338323499076865
2016_1277_1452,0.5562753198437245
2016_1277_1453,0.8843825814075742
2016_1277_1455,0.6337853598279782
2016_1277_1458,0.6843707159619148
2016_1277_1462,0.5740317905757257
2016_1277_1463,0.7175482383464106
2016_1292_1314,0.13370630286927387
2016_1292_1320,0.3412583838996559
2016_1292_1323,0.21105157194765592
2016_1292_1328,0.15023328910404518
2016_1292_1332,0.1452393366060411
2016_1292_1333,0.2896768218914665
2016_1292_1338,0.24300379703063724
2016_1292_1344,0.24259078776981466
2016_1292_1345,0.1481274008381196
2016_1292_1355,0.3895541525515605
2016_1292_1371,0.1967954352925648
2016_1292_1372,0.22854116813811434
2016_1292_1380,0.7860964701252817
2016_1292_1386,0.21952937291108435
2016_1292_1392,0.3784553465143844
2016_1292_1393,0.24448173429705874
2016_1292_1396,0.34458982284453293
2016_1292_1400,0.21196564085502367
2016_1292_1401,0.1633109444618458
2016_1292_1403,0.2612704536783528
2016_1292_1409,0.30155872282886204
2016_1292_1421,0.5
2016_1292_1423,0.36548451910428253
2016_1292_1425,0.2630189226060611
2016_1292_1428,0.1636350804948796
2016_1292_1433,0.22208793398979915
2016_1292_1435,0.22532587230203213
2016_1292_1437,0.14096380136322115
2016_1292_1438,0.13465662897094713
2016_1292_1451,0.5965383927525796
2016_1292_1452,0.15020573699512968
2016_1292_1453,0.46278409107789065
2016_1292_1455,0.1872732710333117
2016_1292_1458,0.21611602634719357
2016_1292_1462,0.15667765494736172
2016_1292_1463,0.2360852547169039
2016_1314_1320,0.8114591016864351
2016_1314_1323,0.6711568041478039
2016_1314_1328,0.5517879594026656
2016_1314_1332,0.5426413687857897
2016_1314_1333,0.7762010324263772
2016_1314_1338,0.7132458360753379
2016_1314_1344,0.717642346346964
2016_1314_1345,0.545836124231439
2016_1314_1355,0.8575490624506119
2016_1314_1371,0.6528394113645795
2016_1314_1372,0.697964561843053
2016_1314_1380,0.960303662319492
2016_1314_1386,0.6900371662648355
2016_1314_1392,0.8415632597740382
2016_1314_1393,0.7149101484661727
2016_1314_1396,0.8176998507969583
2016_1314_1400,0.6751857323345356
2016_1314_1401,0.5830021708727502
2016_1314_1403,0.7469771853142563
2016_1314_1409,0.7842390638598534
2016_1314_1421,0.8978355921945892
2016_1314_1423,0.8397351151651168
2016_1314_1425,0.7409914892358432
2016_1314_1428,0.5842628426567247
2016_1314_1433,0.6928854355571343
2016_1314_1435,0.6880393759783731
2016_1314_1437,0.5283074569196116
2016_1314_1438,0.5121588368715332
2016_1314_1451,0.9322692484810069
2016_1314_1452,0.5515872768618131
2016_1314_1453,0.8817970685688361
2016_1314_1455,0.628860335501659
2016_1314_1458,0.6800267146866006
2016_1314_1462,0.5693050522647016
2016_1314_1463,0.7132483151367761
2016_1320_1323,0.3394019629485531
2016_1320_1328,0.2417695003869146
2016_1320_1332,0.23488446612310307
2016_1320_1333,0.4488552479795984
2016_1320_1338,0.38148989665804844
2016_1320_1344,0.383591691090578
2016_1320_1345,0.23870537534101233
2016_1320_1355,0.5734005391198718
2016_1320_1371,0.31653047124357553
2016_1320_1372,0.36583435896699873
2016_1320_1380,0.8858062063507892
2016_1320_1386,0.3532671038487262
2016_1320_1392,0.5556635211761514
2016_1320_1393,0.384418312284471
2016_1320_1396,0.5149873150387194
2016_1320_1400,0.3410314299505576
2016_1320_1401,0.2633604422036579
2016_1320_1403,0.41100599037368923
2016_1320_1409,0.46354054768165126
2016_1320_1421,0.6799677277769842
2016_1320_1423,0.5432586700481922
2016_1320_1425,0.4098334282053086
2016_1320_1428,0.26445280527943094
2016_1320_1433,0.35626137356987403
2016_1320_1435,0.35682973915114674
2016_1320_1437,0.22674804009460636
2016_1320_1438,0.21678651832328116
2016_1320_1451,0.7636464763827047
2016_1320_1452,0.24173762854430128
2016_1320_1453,0.6455584973746156
2016_1320_1455,0.29918240364126286
2016_1320_1458,0.34686486606641886
2016_1320_1462,0.2529990852755729
2016_1320_1463,0.37819922213268564
2016_1323_1328,0.3617264273123713
2016_1323_1332,0.3536787237917645
2016_1323_1333,0.6093337568503837
2016_1323_1338,0.5305338399038214
2016_1323_1344,0.5347149506431121
2016_1323_1345,0.35740284918843307
2016_1323_1355,0.7273646361917012
2016_1323_1371,0.45888735033155825
2016_1323_1372,0.5145766797963229
2016_1323_1380,0.9301863310755593
2016_1323_1386,0.5
2016_1323_1392,0.7072367553098244
2016_1323_1393,0.5339160651299512
2016_1323_1396,0.6700901122004698
2016_1323_1400,0.4841263255132311
2016_1323_1401,0.3899742830827647
2016_1323_1403,0.568959912092804
2016_1323_1409,0.6236128663337459
2016_1323_1421,0.8050899452365151
2016_1323_1423,0.7002320228332788
2016_1323_1425,0.5640747113818958
2016_1323_1428,0.39125753864403673
2016_1323_1433,0.5
2016_1323_1435,0.5
2016_1323_1437,0.34196199361996465
2016_1323_1438,0.3288964952293931
2016_1323_1451,0.8648166848950422
2016_1323_1452,0.3616579499125171
2016_1323_1453,0.7774427864520216
2016_1323_1455,0.4348173336720303
2016_1323_1458,0.49102817935843573
2016_1323_1462,0.37692674992193076
2016_1323_1463,0.5305726613143854
2016_1328_1332,0.5054094028437772
2016_1328_1333,0.7481645523692432
2016_1328_1338,0.681380677807293
2016_1328_1344,0.6857607300880341
2016_1328_1345,0.5087952648785597
2016_1328_1355,0.8371634631944639
2016_1328_1371,0.6192772780216248
2016_1328_1372,0.6655244875081407
2016_1328_1380,0.9552129041586832
2016_1328_1386,0.6564257058290502
2016_1328_1392,0.8200851756216473
2016_1328_1393,0.6833152548917234
2016_1328_1396,0.7936074734028244
2016_1328_1400,0.6444869721787759
2016_1328_1401,0.5458487266023482
2016_1328_1403,0.7166702141178182
2016_1328_1409,0.7572252062039563
2016_1328_1421,0.8833852101814659
2016_1328_1423,0.8175667332455996
2016_1328_1425,0.7107235220276817
2016_1328_1428,0.5470604200757339
2016_1328_1433,0.6595913416977425
2016_1328_1435,0.6549719262849167
2016_1328_1437,0.4912180406834452
2016_1328_1438,0.47517382956704934
2016_1328_1451,0.9220952709711747
2016_1328_1452,0.5144432257868562
2016_1328_1453,0.865294059389197
2016_1328_1455,0.5917988409036239
2016_1328_1458,0.646281785585075
2016_1328_1462,0.532041291894896
2016_1328_1463,0.6812190378988471
2016_1332_1333,0.7332872177651549
2016_1332_1338,0.664603421172146
2016_1332_1344,0.6691281342545181
2016_1332_1345,0.4906764178848695
2016_1332_1355,0.8258766057645548
2016_1332_1371,0.6007660783956068
2016_1332_1372,0.6477385335389236
2016_1332_1380,0.9512375649581805
2016_1332_1386,0.6425303295774858
2016_1332_1392,0.8077330933215742
2016_1332_1393,0.6663380181437004
2016_1332_1396,0.7802811559246909
2016_1332_1400,0.6256610322481605
2016_1332_1401,0.5276118728034636
2016_1332_1403,0.7008640877199037
2016_1332_1409,0.7424053701527215
2016_1332_1421,0.8741826393892018
2016_1332_1423,0.8052955564182633
2016_1332_1425,0.6946630156799494
2016_1332_1428,0.528841561211963
2016_1332_1433,0.6458490250954158
2016_1332_1435,0.6406962815402638
2016_1332_1437,0.47335872646580784
2016_1332_1438,0.45742708028020074
2016_1332_1451,0.9157507612673217
2016_1332_1452,0.5
2016_1332_1453,0.8551290107436389
2016_1332_1455,0.5730669370792068
2016_1332_1458,0.6311516508892877
2016_1332_1462,0.5139588942808936
2016_1332_1463,0.6640228117010802
2016_1333_1338,0.39836149443347224
2016_1333_1344,0.4009580172407459
2016_1333_1345,0.2484194251009909
2016_1333_1355,0.5994988873892142
2016_1333_1371,0.3353171341274255
2016_1333_1372,0.38278485268792145
2016_1333_1380,0.886162290024193
2016_1333_1386,0.36999341175790174
2016_1333_1392,0.5783172318622298
2016_1333_1393,0.40121090333800685
2016_1333_1396,0.5357939360551088
2016_1333_1400,0.35666838811401935
2016_1333_1401,0.2749154665244353
2016_1333_1403,0.43172182696735734
2016_1333_1409,0.4850084059161522
2016_1333_1421,0.6987659501866366
2016_1333_1423,0.5683156545067028
2016_1333_1425,0.4288304890537212
2016_1333_1428,0.27576491628317146
2016_1333_1433,0.3736510598002629
2016_1333_1435,0.3727215957477562
2016_1333_1437,0.2359725029055681
2016_1333_1438,0.22529941508936815
2016_1333_1451,0.7804373766259436
2016_1333_1452,0.25196459468309557
2016_1333_1453,0.6632864245577483
2016_1333_1455,0.3131264937390527
2016_1333_1458,0.36262840736404456
2016_1333_1462,0.26406309814553064
2016_1333_1463,0.39604845954232804
2016_1338_1344,0.5
2016_1338_1345,0.3274058701107155
2016_1338_1355,0.6977602809095604
2016_1338_1371,0.4235713061736485
2016_1338_1372,0.479595678014915
2016_1338_1380,0.9237228039847621
2016_1338_1386,0.4647051644379023
2016_1338_1392,0.6774891007946451
2016_1338_1393,0.5
2016_1338_1396,0.6414897512414639
2016_1338_1400,0.4483831202665105
2016_1338_1401,0.3579558739638207
2016_1338_1403,0.5328006058393703
2016_1338_1409,0.5881565079845363
2016_1338_1421,0.783510830628677
2016_1338_1423,0.6691001059650563
2016_1338_1425,0.5284181260467387
2016_1338_1428,0.3592927182455121
2016_1338_1433,0.4686330609534193
2016_1338_1435,0.4658044407768136
2016_1338_1437,0.30807627431694806
2016_1338_1438,0.2950382837829349
2016_1338_1451,0.8483370944759999
2016_1338_1452,0.331203389007273
2016_1338_1453,0.7536979891360376
2016_1338_1455,0.40083933462039395
2016_1338_1458,0.45550040026266303
2016_1338_1462,0.34553984075276
2016_1338_1463,0.5
2016_1344_1345,0.2989998282399645
2016_1344_1355,0.6652610981478304
2016_1344_1371,0.39413278455863593
2016_1344_1372,0.4463247763187831
2016_1344_1380,0.9088507802632431
2016_1344_1386,0.43307290068525117
2016_1344_1392,0.6478282329989535
2016_1344_1393,0.465865575846134
2016_1344_1396,0.604842164134478
2016_1344_1400,0.417856778430142
2016_1344_1401,0.33267854268302577
2016_1344_1403,0.5
2016_1344_1409,0.5534901570393136
2016_1344_1421,0.7539504263011542
2016_1344_1423,0.6388503790185404
2016_1344_1425,0.5
2016_1344_1428,0.3336826969213512
2016_1344_1433,0.4368943831725433
2016_1344_1435,0.4347452003013455
2016_1344_1437,0.28467760936397046
2016_1344_1438,0.27237041517078786
2016_1344_1451,0.825276437121649
2016_1344_1452,0.3030896973683786
2016_1344_1453,0.7222050725323778
2016_1344_1455,0.37277062373842806
2016_1344_1458,0.4242807342621847
2016_1344_1462,0.31712514220556204
2016_1344_1463,0.4615205793127781
2016_1345_1355,0.8429213123128876
2016_1345_1371,0.6291839561745566
2016_1345_1372,0.6746837468979947
2016_1345_1380,0.9581102362008893
2016_1345_1386,0.6654312651989036
2016_1345_1392,0.8265143513411911
2016_1345_1393,0.6921740635721032
2016_1345_1396,0.800823992065563
2016_1345_1400,0.6500820591929969
2016_1345_1401,0.5556613767154016
2016_1345_1403,0.7247553166070115
2016_1345_1409,0.7648678652424861
2016_1345_1421,0.8883858579431417
2016_1345_1423,0.8238000490633182
2016_1345_1425,0.7189928389952172
2016_1345_1428,0.5570171221392717
2016_1345_1433,0.6684286963438345
2016_1345_1435,0.6639043151977299
2016_1345_1437,0.5
2016_1345_1438,0.4848585083644416
2016_1345_1451,0.9255924309438774
2016_1345_1452,0.5241451921889976
2016_1345_1453,0.8710199095667195
2016_1345_1455,0.6015478610412908
2016_1345_1458,0.6554164078597331
2016_1345_1462,0.5418043627446242
2016_1345_1463,0.6902685391361408
2016_1355_1371,0.25096455484667657
2016_1355_1372,0.29316259660618554
2016_1355_1380,0.843354504108706
2016_1355_1386,0.2805724022864998
2016_1355_1392,0.47107453221053835
2016_1355_1393,0.3103587918108847
2016_1355_1396,0.42984707674043776
2016_1355_1400,0.26987754753412957
2016_1355_1401,0.20651488505940935
2016_1355_1403,0.3367724218889166
2016_1355_1409,0.38362660083842964
2016_1355_1421,0.6016558377267063
2016_1355_1423,0.45827157795117907
2016_1355_1425,0.3366536387970517
2016_1355_1428,0.20698600263233957
2016_1355_1433,0.28410912930920235
2016_1355_1435,0.2857165244108582
2016_1355_1437,0.17665353767054284
2016_1355_1438,0.1684746014066731
2016_1355_1451,0.6940828217786809
2016_1355_1452,0.18886169843900774
2016_1355_1453,0.562321672936442
2016_1355_1455,0.23782058070279025
2016_1355_1458,0.2755099015841188
2016_1355_1462,0.19780277988349088
2016_1355_1463,0.30308406150617995
2016_1371_1372,0.5440389408520067
2016_1371_1380,0.9313564711589453
2016_1371_1386,0.5326501488807142
2016_1371_1392,0.729374999039257
2016_1371_1393,0.5640889686058347
2016_1371_1396,0.694480634286993
2016_1371_1400,0.5165671338785168
2016_1371_1401,0.42115670085668144
2016_1371_1403,0.6005457538856128
2016_1371_1409,0.6490815928141556
2016_1371_1421,0.818197332234306
2016_1371_1423,0.72425794382168
2016_1371_1425,0.594967760180268
2016_1371_1428,0.422258826230625
2016_1371_1433,0.5363263371320917
2016_1371_1435,0.5328427432976643
2016_1371_1437,0.3715689290734786
2016_1371_1438,0.3576960433164444
2016_1371_1451,0.8748310005390605
2016_1371_1452,0.39219560095383266
2016_1371_1453,0.7925275203953726
2016_1371_1455,0.4662865306528441
2016_1371_1458,0.5226002833804865
2016_1371_1462,0.40801002587812857
2016_1371_1463,0.5605091221972763
2016_1372_1380,0.9321115832006075
2016_1372_1386,0.47719015279667326
2016_1372_1392,0.6877817396837181
2016_1372_1393,0.5117611541837225
2016_1372_1396,0.650973926415737
2016_1372_1400,0.4609380830374964
2016_1372_1401,0.3703094907336591
2016_1372_1403,0.5443223816323353
2016_1372_1409,0.5999972530862517
2016_1372_1421,0.793040022016993
2016_1372_1423,0.6784036494298665
2016_1372_1425,0.5406841739542912
2016_1372_1428,0.3721025472949191
2016_1372_1433,0.480223623350797
2016_1372_1435,0.478171888535102
2016_1372_1437,0.3204040928054513
2016_1372_1438,0.3073087211553521
2016_1372_1451,0.8554080584792725
2016_1372_1452,0.3430229657497695
2016_1372_1453,0.7654030327638869
2016_1372_1455,0.41282524927807984
2016_1372_1458,0.4680852366772485
2016_1372_1462,0.35766513024889357
2016_1372_1463,0.5077917673042329
2016_1380_1386,0.11739203312369201
2016_1380_1392,0.1636407447240362
2016_1380_1393,0.1292746316726443
2016_1380_1396,0.15242223066543598
2016_1380_1400,0.11833957815639487
2016_1380_1401,0.10284573964743697
2016_1380_1403,0.13043110563880933
2016_1380_1409,0.14156703089746103
2016_1380_1421,0.19709579833807556
2016_1380_1423,0.15586528266201027
2016_1380_1425,0.1366598518240394
2016_1380_1428,0.1018698118867799
2016_1380_1433,0.1186407567736133
2016_1380_1435,0.1265886829113218
2016_1380_1437,0.09743879557354153
2016_1380_1438,0.09453286431346843
2016_1380_1451,0.2500449105285186
2016_1380_1452,0.10036725631542527
2016_1380_1453,0.1893803354121364
2016_1380_1455,0.11149889527502987
2016_1380_1458,0.11830600636231882
2016_1380_1462,0.10085668866166549
2016_1380_1463,0.11591338889449614
2016_1386_1392,0.6846462486509867
2016_1386_1393,0.5106744600556061
2016_1386_1396,0.6466584924696333
2016_1386_1400,0.4621509276175995
2016_1386_1401,0.37111556601725787
2016_1386_1403,0.5456097291326436
2016_1386_1409,0.5988159880734163
2016_1386_1421,0.7855013589192512
2016_1386_1423,0.6777780726991695
2016_1386_1425,0.5409106316995103
2016_1386_1428,0.37218867156471586
2016_1386_1433,0.4817676031962918
2016_1386_1435,0.4790665676549812
2016_1386_1437,0.3218737495731022
2016_1386_1438,0.30852064187011885
2016_1386_1451,0.8499458634371349
2016_1386_1452,0.3444241240969886
2016_1386_1453,0.7565011261329386
2016_1386_1455,0.41401735275588164
2016_1386_1458,0.46854863769237887
2016_1386_1462,0.35880493311560446
2016_1386_1463,0.5065574075853658
2016_1392_1393,0.28715408689202215
2016_1392_1396,0.4072578533536304
2016_1392_1400,0.24709625253217932
2016_1392_1401,0.18708475513793474
2016_1392_1403,0.30878854173739967
2016_1392_1409,0.3601160040349307
2016_1392_1421,0.5850575922182037
2016_1392_1423,0.43358086168050314
2016_1392_1425,0.3088982441492159
2016_1392_1428,0.1878596442063534
2016_1392_1433,0.26095094356769777
2016_1392_1435,0.2622988233524482
2016_1392_1437,0.1587408720071525
2016_1392_1438,0.15124138051250172
2016_1392_1451,0.6797544923315737
2016_1392_1452,0.17014132214466324
2016_1392_1453,0.5453298484146482
2016_1392_1455,0.21662383116511583
2016_1392_1458,0.2529816284427254
2016_1392_1462,0.17872305437914138
2016_1392_1463,0.28086712212014975
2016_1393_1396,0.6398816765667565
2016_1393_1400,0.4469498523340817
2016_1393_1401,0.35738053129143355
2016_1393_1403,0.5306134585860888
2016_1393_1409,0.5860762939617221
2016_1393_1421,0.7823678451311128
2016_1393_1423,0.6665349265211149
2016_1393_1425,0.5266108936656433
2016_1393_1428,0.3588678218134951
2016_1393_1433,0.4667886492954548
2016_1393_1435,0.46431373722829306
2016_1393_1437,0.3077977551413963
2016_1393_1438,0.29490236208950293
2016_1393_1451,0.8473407477573887
2016_1393_1452,0.3308034400461065
2016_1393_1453,0.753007371454053
2016_1393_1455,0.39966386259581194
2016_1393_1458,0.4540595710803308
2016_1393_1462,0.3450344612315467
2016_1393_1463,0.49377768579953
2016_1396_1400,0.2639347316593257
2016_1396_1401,0.20095049399689732
2016_1396_1403,0.3313108181609685
2016_1396_1409,0.37780894786662583
2016_1396_1421,0.5962923615703449
2016_1396_1423,0.45329836003549473
2016_1396_1425,0.3305793354829358
2016_1396_1428,0.20150147891989093
2016_1396_1433,0.27827529334048984
2016_1396_1435,0.2791653975602683
2016_1396_1437,0.17136652462000262
2016_1396_1438,0.1633267578735991
2016_1396_1451,0.6903572438455177
2016_1396_1452,0.18345470574860018
2016_1396_1453,0.5567821643380685
2016_1396_1455,0.23161850142057333
2016_1396_1458,0.26941622796242853
2016_1396_1462,0.19240555467636244
2016_1396_1463,0.2975490738124457
2016_1400_1401,0.39482371263000443
2016_1400_1403,0.5731644603885017
2016_1400_1409,0.6267209174844861
2016_1400_1421,0.8043380360169621
2016_1400_1423,0.7025134582856782
2016_1400_1425,0.5680634401558747
2016_1400_1428,0.3959740293851508
2016_1400_1433,0.5089516324347312
2016_1400_1435,0.5057531196023878
2016_1400_1437,0.34690947925303606
2016_1400_1438,0.3337146462891641
2016_1400_1451,0.8643148103496999
2016_1400_1452,0.3666706753233783
2016_1400_1453,0.7769308778149011
2016_1400_1455,0.43941646262789935
2016_1400_1458,0.5
2016_1400_1462,0.38190900609224127
2016_1400_1463,0.5340054754981451
2016_1401_1403,0.6804103081925955
2016_1401_1409,0.7245740775865716
2016_1401_1421,0.8655687692848502
2016_1401_1423,0.7902332343692614
2016_1401_1425,0.6745758885956519
2016_1401_1428,0.5056907754935762
2016_1401_1433,0.6222216648345169
2016_1401_1435,0.6176173498457601
2016_1401_1437,0.4501603600305631
2016_1401_1438,0.4345510727177303
2016_1401_1451,0.9094921923267615
2016_1401_1452,0.4730381052137463
2016_1401_1453,0.8452796713095491
2016_1401_1455,0.5503293749439356
2016_1401_1458,0.6079833506846286
2016_1401_1462,0.4904730881892939
2016_1401_1463,0.6473237472764827
2016_1403_1409,0.5396956541241965
2016_1403_1421,0.7433041855939643
2016_1403_1423,0.6242887683536262
2016_1403_1425,0.48201450986405486
2016_1403_1428,0.31894949877970696
2016_1403_1433,0.42386195585873165
2016_1403_1435,0.42211179172559027
2016_1403_1437,0.27453780871264183
2016_1403_1438,0.2625575321724912
2016_1403_1451,0.8166347794525538
2016_1403_1452,0.2924571102886752
2016_1403_1453,0.7105717942700966
2016_1403_1455,0.36143479398713013
2016_1403_1458,0.4115212951888707
2016_1403_1462,0.30604700780410865
2016_1403_1463,0.44805122007543147
2016_1409_1421,0.686145828801252
2016_1409_1423,0.5473161462760052
2016_1409_1425,0.4084329182487687
2016_1409_1428,0.25915093577962833
2016_1409_1433,0.35436115269041885
2016_1409_1435,0.353972923780147
2016_1409_1437,0.22057811431882104
2016_1409_1438,0.2105178635805436
2016_1409_1451,0.7694599852007621
2016_1409_1452,0.23583470592316427
2016_1409_1453,0.6499843175115341
2016_1409_1455,0.29516505479848043
2016_1409_1458,0.34419926191165984
2016_1409_1462,0.24746643536390583
2016_1409_1463,0.37725588554046446
2016_1421_1423,0.30584494544815083
2016_1421_1425,0.21799671448772417
2016_1421_1428,0.1340599235297499
2016_1421_1433,0.18245021321926608
2016_1421_1435,0.18607932453954726
2016_1421_1437,0.11512404113166966
2016_1421_1438,0.1100182123264179
2016_1421_1451,0.5357789514897416
2016_1421_1452,0.12267870232990312
2016_1421_1453,0.40659996253506947
2016_1421_1455,0.15391567006195064
2016_1421_1458,0.1778862111192489
2016_1421_1462,0.1279519915864672
2016_1421_1463,0.1951277716197202
2016_1423_1425,0.30842937965660594
2016_1423_1428,0.18730845517180172
2016_1423_1433,0.2609461981208403
2016_1423_1435,0.26195258943101923
2016_1423_1437,0.15858266890135825
2016_1423_1438,0.15100573766034234
2016_1423_1451,0.6751148704615364
2016_1423_1452,0.17000543544400565
2016_1423_1453,0.5389748405459994
2016_1423_1455,0.21628785359897995
2016_1423_1458,0.2525320581752735
2016_1423_1462,0.17852413760211608
2016_1423_1463,0.2798651396320708
2016_1425_1428,0.31721606505840483
2016_1425_1433,0.42294884139584965
2016_1425_1435,0.4207859794720174
2016_1425_1437,0.271927695609197
2016_1425_1438,0.2599677753890266
2016_1425_1451,0.8205476644633289
2016_1425_1452,0.28996698510317315
2016_1425_1453,0.7153081019935272
2016_1425_1455,0.3596764840934634
2016_1425_1458,0.41057582441035384
2016_1425_1462,0.30385470974574874
2016_1425_1463,0.44842683240201286
2016_1428_1433,0.5833885386850626
2016_1428_1435,0.5791123102569855
2016_1428_1437,0.41295666846212153
2016_1428_1438,0.3979553040398896
2016_1428_1451,0.8954963451979513
2016_1428_1452,0.43511966991538076
2016_1428_1453,0.8233427176433709
2016_1428_1455,0.5120002451245076
2016_1428_1458,0.5693452631119288
2016_1428_1462,0.4521149329616771
2016_1428_1463,0.6079569934549299
2016_1433_1435,0.5093016593586422
2016_1433_1437,0.3498356944039315
2016_1433_1438,0.336624011248559
2016_1433_1451,0.8682596709483199
2016_1433_1452,0.3697249121566761
2016_1433_1453,0.7828117600933681
2016_1433_1455,0.44273772879520357
2016_1433_1458,0.5
2016_1433_1462,0.385190435243126
2016_1433_1463,0.5384466830040535
2016_1435_1437,0.3753926861975815
2016_1435_1438,0.36145967953090674
2016_1435_1451,0.8848318836481543
2016_1435_1452,0.3965179059976714
2016_1435_1453,0.8073416105538122
2016_1435_1455,0.4731078134110153
2016_1435_1458,0.5307554829934353
2016_1435_1462,0.4130212675430237
2016_1435_1463,0.5713857307986031
2016_1437_1438,0.4936341666811733
2016_1437_1451,0.9269846506573872
2016_1437_1452,0.5330012810476986
2016_1437_1453,0.8731763098846984
2016_1437_1455,0.6099587625944403
2016_1437_1458,0.663082738823739
2016_1437_1462,0.5506458563011188
2016_1437_1463,0.697058217500369
2016_1438_1451,0.9319718220961799
2016_1438_1452,0.5519347640283535
2016_1438_1453,0.8813864338154449
2016_1438_1455,0.6289376827366453
2016_1438_1458,0.6799785551379515
2016_1438_1462,0.569588242355897
2016_1438_1463,0.7130123021535618
2016_1451_1452,0.096606846243924
2016_1451_1453,0.33413220290891676
2016_1451_1455,0.12190265901761135
2016_1451_1458,0.14028686393439796
2016_1451_1462,0.10051458594623754
2016_1451_1463,0.1531377377317643
2016_1452_1453,0.8681766687531156
2016_1452_1455,0.5977766285551319
2016_1452_1458,0.6518001266350341
2016_1452_1462,0.5380932184996028
2016_1452_1463,0.6865152027578837
2016_1453_1455,0.184273987130345
2016_1453_1458,0.2125546861730714
2016_1453_1462,0.1541139932797181
2016_1453_1463,0.23249844305380118
2016_1455_1458,0.5643352462565583
2016_1455_1462,0.44581337793682846
2016_1455_1463,0.6046822482135474
2016_1458_1462,0.38175282836290936
2016_1458_1463,0.5347719571056497
2016_1462_1463,0.6540130166605705
